-- phpMyAdmin SQL Dump
-- version 5.2.1
-- https://www.phpmyadmin.net/
--
-- Host: 127.0.0.1:3306
-- Generation Time: Dec 10, 2024 at 02:03 PM
-- Server version: 10.11.10-MariaDB
-- PHP Version: 7.2.34

SET SQL_MODE = "NO_AUTO_VALUE_ON_ZERO";
START TRANSACTION;
SET time_zone = "+00:00";


/*!40101 SET @OLD_CHARACTER_SET_CLIENT=@@CHARACTER_SET_CLIENT */;
/*!40101 SET @OLD_CHARACTER_SET_RESULTS=@@CHARACTER_SET_RESULTS */;
/*!40101 SET @OLD_COLLATION_CONNECTION=@@COLLATION_CONNECTION */;
/*!40101 SET NAMES utf8mb4 */;

--
-- Database: `u958767601_dcs`
--

-- --------------------------------------------------------

--
-- Table structure for table `admins`
--

CREATE TABLE `admins` (
  `id_admin` varchar(99) NOT NULL,
  `pass_admin` varchar(99) NOT NULL,
  `role_admin` varchar(99) NOT NULL,
  `lastname_admin` varchar(99) NOT NULL,
  `firstname_admin` varchar(99) NOT NULL
) ENGINE=MyISAM DEFAULT CHARSET=utf8mb4 COLLATE=utf8mb4_general_ci;

--
-- Dumping data for table `admins`
--

INSERT INTO `admins` (`id_admin`, `pass_admin`, `role_admin`, `lastname_admin`, `firstname_admin`) VALUES
('042803', '042803', 'Admin', 'Orais', 'Harrish'),
('CHAN_ADMIN', '12345$', 'Admin', 'Costillas', 'Christian'),
('JANINE_ADMIN', '1234$', 'Admin', 'Jaula', 'Janine Mhyles'),
('ANGELICA_ADMIN', '1234$', 'Admin', 'Ringcodo', 'Angelica'),
('REY_ADMIN', '1234$', 'Admin', 'Tangcaungco', 'Rey Ann');

-- --------------------------------------------------------

--
-- Table structure for table `attendances`
--

CREATE TABLE `attendances` (
  `id_attendance` int(11) NOT NULL,
  `id_event` int(11) NOT NULL,
  `type_attendance` varchar(999) NOT NULL,
  `time_in` time NOT NULL,
  `time_out` time NOT NULL,
  `fine_amount` int(11) NOT NULL
) ENGINE=MyISAM DEFAULT CHARSET=utf8mb4 COLLATE=utf8mb4_general_ci;

--
-- Dumping data for table `attendances`
--

INSERT INTO `attendances` (`id_attendance`, `id_event`, `type_attendance`, `time_in`, `time_out`, `fine_amount`) VALUES
(45, 80, 'IN', '06:56:00', '07:56:00', 50),
(46, 81, 'IN', '22:51:00', '23:59:00', 6000),
(47, 82, 'IN', '15:03:00', '16:03:00', 50),
(48, 82, 'OUT', '17:05:00', '17:10:00', 90);

-- --------------------------------------------------------

--
-- Table structure for table `events`
--

CREATE TABLE `events` (
  `id_event` int(11) NOT NULL,
  `semester_ID` varchar(99) NOT NULL,
  `name_event` varchar(999) NOT NULL,
  `date_event` datetime NOT NULL,
  `event_desc` varchar(999) NOT NULL,
  `date_created` datetime DEFAULT current_timestamp()
) ENGINE=MyISAM DEFAULT CHARSET=utf8mb4 COLLATE=utf8mb4_general_ci;

--
-- Dumping data for table `events`
--

INSERT INTO `events` (`id_event`, `semester_ID`, `name_event`, `date_event`, `event_desc`, `date_created`) VALUES
(80, 'AY2024-1', 'CCS DAY 1', '2024-11-30 00:00:00', 'test', '2024-11-10 19:07:17'),
(1, 'AY2024-1', 'Baptism of Rio Ryn Labor', '2024-11-25 00:00:00', 'Baptism ceremony for Rio Ryn Labor.', '2024-11-28 00:00:00'),
(2, 'AY2024-1', 'Mission for the Poor', '2024-11-26 00:00:00', 'House building for Mr. Lamberto Santik’s family.', '2024-11-28 00:00:00'),
(3, 'AY2024-1', 'Teachers’ Training Workshop', '2024-12-01 00:00:00', 'A workshop for public school teachers on updated teaching strategies.', '2024-11-28 00:00:00'),
(4, 'AY2024-1', 'Health and Wellness Seminar', '2024-12-05 00:00:00', 'Seminar on mental health awareness and stress management.', '2024-11-28 00:00:00'),
(5, 'AY2024-1', 'Community Cleanup Drive', '2024-12-10 00:00:00', 'A community-wide event focused on environmental cleanliness.', '2024-11-28 00:00:00'),
(6, 'AY2024-1', 'School Opening Ceremony', '2024-12-15 00:00:00', 'Opening ceremony for the newly renovated school building.', '2024-11-28 00:00:00'),
(7, 'AY2024-1', 'Christmas Outreach Program', '2024-12-20 00:00:00', 'Gift-giving event for underprivileged children.', '2024-11-28 00:00:00'),
(8, 'AY2024-1', 'Fundraising Gala Night', '2024-12-22 00:00:00', 'Gala night to raise funds for school projects.', '2024-11-28 00:00:00'),
(9, 'AY2024-1', 'Fire Safety Drill', '2025-01-10 00:00:00', 'A drill to train students and staff on emergency evacuation procedures.', '2024-11-28 00:00:00'),
(10, 'AY2024-1', 'National Reading Month Celebration', '2025-01-15 00:00:00', 'Activities to promote reading among students.', '2024-11-28 00:00:00'),
(81, 'AY2024-1', 'KIKIKAKA', '2024-12-10 00:00:00', 'KIKIKAKOAKO', '2024-12-09 13:52:06'),
(82, '', 'pro pova', '2024-12-10 00:00:00', 'hyu', '2024-12-10 07:06:58');

-- --------------------------------------------------------

--
-- Table structure for table `notifications`
--

CREATE TABLE `notifications` (
  `id` int(11) NOT NULL,
  `message` text NOT NULL,
  `date_created` timestamp NULL DEFAULT current_timestamp()
) ENGINE=MyISAM DEFAULT CHARSET=utf8mb4 COLLATE=utf8mb4_general_ci;

-- --------------------------------------------------------

--
-- Table structure for table `payments`
--

CREATE TABLE `payments` (
  `id_payment` int(11) NOT NULL,
  `semester_ID` varchar(99) NOT NULL,
  `payment_name` varchar(255) NOT NULL,
  `payment_amount` decimal(10,2) NOT NULL,
  `date_payment` timestamp NULL DEFAULT current_timestamp()
) ENGINE=MyISAM DEFAULT CHARSET=utf8mb4 COLLATE=utf8mb4_general_ci;

--
-- Dumping data for table `payments`
--

INSERT INTO `payments` (`id_payment`, `semester_ID`, `payment_name`, `payment_amount`, `date_payment`) VALUES
(16, 'AY2024-1', 'Departmental T-shirt', 450.00, '2024-11-08 16:00:00'),
(4, 'AY2024-1', 'Registration Fee', 1000.00, '2024-11-30 00:00:00'),
(5, 'AY2024-1', 'Student ID Fee', 150.00, '2024-11-30 00:00:00'),
(6, 'AY2024-1', 'Miscellaneous Fee', 250.00, '2024-12-01 00:00:00'),
(7, 'AY2024-1', 'Exam Fee', 300.00, '2024-12-02 00:00:00'),
(8, 'AY2024-1', 'Sports Fee', 400.00, '2024-12-03 00:00:00'),
(9, 'AY2024-1', 'Field Trip Fee', 1200.00, '2024-12-05 00:00:00'),
(10, 'AY2024-1', 'Late Fee', 50.00, '2024-12-06 00:00:00'),
(11, 'AY2024-1', 'Annual Maintenance Fee', 1000.00, '2024-12-07 00:00:00'),
(12, 'AY2024-1', 'Semester Subscription Fee', 300.00, '2024-12-07 00:00:00'),
(41, 'AY2024-1', 'Study Abroad Application Fee', 1500.00, '2024-12-01 00:00:00'),
(42, 'AY2024-1', 'University Merchandise Fee', 300.00, '2024-12-01 00:00:00'),
(43, 'AY2024-1', 'Online Course Fee', 1200.00, '2024-12-02 00:00:00'),
(44, 'AY2024-1', 'Library Damage Fee', 50.00, '2024-12-03 00:00:00'),
(45, 'AY2024-1', 'Science Fair Registration Fee', 250.00, '2024-12-04 00:00:00'),
(46, 'AY2024-1', 'Graduation Photos Fee', 500.00, '2024-12-05 00:00:00'),
(47, 'AY2024-1', 'Room Reservation Fee', 200.00, '2024-12-06 00:00:00'),
(48, 'AY2024-1', 'Research Project Fee', 1000.00, '2024-12-07 00:00:00'),
(49, 'AY2024-1', 'Special Exam Fee', 350.00, '2024-12-08 00:00:00'),
(50, 'AY2024-1', 'Internship Placement Fee', 600.00, '2024-12-09 00:00:00'),
(51, 'AY2024-1', 'International Conference Registration', 800.00, '2024-12-10 00:00:00'),
(52, 'AY2024-1', 'Student Council Fee', 150.00, '2024-12-11 00:00:00'),
(53, 'AY2024-1', 'Hostel Deposit', 1000.00, '2024-12-12 00:00:00'),
(54, 'AY2024-1', 'New Student Orientation Fee', 300.00, '2024-12-13 00:00:00'),
(55, 'AY2024-1', 'University Club Membership', 250.00, '2024-12-14 00:00:00'),
(56, '', 'Health and Wellness Fee', 400.00, '2024-12-15 00:00:00'),
(57, '', 'Student Retreat Fee', 1000.00, '2024-12-16 00:00:00'),
(58, '', 'Annual Alumni Donation', 500.00, '2024-12-17 00:00:00'),
(59, '', 'Student Survey Fee', 25.00, '2024-12-18 00:00:00'),
(60, '', 'Community Service Fee', 150.00, '2024-12-19 00:00:00'),
(61, '', 'Printing and Copying Fee', 100.00, '2024-12-20 00:00:00'),
(62, '', 'Graduation Gown Rental', 300.00, '2024-12-21 00:00:00'),
(63, '', 'Semester Library Fee', 200.00, '2024-12-22 00:00:00'),
(64, '', 'Student Performance Fee', 100.00, '2024-12-23 00:00:00'),
(65, '', 'Language Course Fee', 700.00, '2024-12-24 00:00:00'),
(66, '', 'Event Hall Usage Fee', 600.00, '2024-12-25 00:00:00'),
(67, '', 'Science Lab Usage Fee', 500.00, '2024-12-26 00:00:00'),
(68, '', 'Tutoring Service Fee', 250.00, '2024-12-27 00:00:00'),
(69, '', 'Field Research Fee', 1200.00, '2024-12-28 00:00:00'),
(70, '', 'Campus Shuttle Fee', 150.00, '2024-12-29 00:00:00'),
(71, '', 'Photography Club Fee', 100.00, '2024-12-30 00:00:00'),
(72, '', 'Student Ambassador Program Fee', 200.00, '2024-12-31 00:00:00'),
(73, '', 'Skill Development Program Fee', 300.00, '2025-01-02 00:00:00'),
(74, '', 'Environmental Awareness Fee', 250.00, '2025-01-03 00:00:00'),
(75, '', 'Theater Arts Fee', 150.00, '2025-01-04 00:00:00'),
(76, '', 'Alumni Membership Fee', 100.00, '2025-01-05 00:00:00'),
(77, '', 'Sports Equipment Fee', 400.00, '2025-01-06 00:00:00'),
(78, '', 'E-Learning Platform Fee', 200.00, '2025-01-07 00:00:00'),
(79, '', 'Volunteer Program Fee', 50.00, '2025-01-08 00:00:00'),
(80, '', 'Social Media Management Fee', 300.00, '2025-01-09 00:00:00'),
(81, '', 'International Exchange Program Fee', 1500.00, '2025-01-10 00:00:00'),
(82, '', 'Business Incubator Program Fee', 800.00, '2025-01-11 00:00:00'),
(83, '', 'Cultural Exchange Program Fee', 700.00, '2025-01-12 00:00:00'),
(84, '', 'Workshop Registration Fee', 250.00, '2025-01-13 00:00:00'),
(85, '', 'Dance Workshop Fee', 150.00, '2025-01-14 00:00:00'),
(86, '', 'Debate Club Fee', 200.00, '2025-01-15 00:00:00'),
(87, '', 'Field Trip Transportation Fee', 100.00, '2025-01-16 00:00:00'),
(88, '', 'Film Production Fee', 500.00, '2025-01-17 00:00:00'),
(89, '', 'Guest Speaker Fee', 300.00, '2025-01-18 00:00:00'),
(90, '', 'International Event Participation Fee', 1200.00, '2025-01-19 00:00:00'),
(91, '', 'Student Mentorship Program Fee', 250.00, '2025-01-20 00:00:00'),
(92, '', 'Coding Bootcamp Fee', 700.00, '2025-01-21 00:00:00'),
(93, '', 'Workshop Materials Fee', 50.00, '2025-01-22 00:00:00'),
(94, '', 'Business Networking Event Fee', 300.00, '2025-01-23 00:00:00'),
(95, '', 'Research Publication Fee', 400.00, '2025-01-24 00:00:00'),
(96, '', 'Classroom Renovation Fund Fee', 500.00, '2025-01-25 00:00:00'),
(97, '', 'Sponsorship Fee', 250.00, '2025-01-26 00:00:00'),
(98, '', 'Job Placement Service Fee', 100.00, '2025-01-27 00:00:00'),
(99, '', 'Faculty Development Program Fee', 200.00, '2025-01-28 00:00:00'),
(100, '', 'Sustainable Development Program Fee', 300.00, '2025-01-29 00:00:00');

-- --------------------------------------------------------

--
-- Table structure for table `semester`
--

CREATE TABLE `semester` (
  `semester_ID` varchar(100) NOT NULL,
  `academic_year` varchar(100) NOT NULL,
  `semester_type` varchar(100) NOT NULL,
  `date_created` datetime NOT NULL
) ENGINE=InnoDB DEFAULT CHARSET=utf8mb4 COLLATE=utf8mb4_unicode_ci;

--
-- Dumping data for table `semester`
--

INSERT INTO `semester` (`semester_ID`, `academic_year`, `semester_type`, `date_created`) VALUES
('AY2024-1', '2024-2025', '1st Semester', '2024-11-27 15:25:25'),
('AY2024-2', '2024-2025', '2nd Semester', '2024-11-28 15:31:35');

-- --------------------------------------------------------

--
-- Table structure for table `student`
--

CREATE TABLE `student` (
  `id_student` varchar(99) NOT NULL,
  `semester_ID` varchar(99) NOT NULL,
  `pass_student` varchar(99) NOT NULL,
  `lastname_student` varchar(99) NOT NULL,
  `firstname_student` varchar(99) NOT NULL,
  `role_student` varchar(99) NOT NULL,
  `year_student` int(11) NOT NULL
) ENGINE=MyISAM DEFAULT CHARSET=utf8mb4 COLLATE=utf8mb4_general_ci;

--
-- Dumping data for table `student`
--

INSERT INTO `student` (`id_student`, `semester_ID`, `pass_student`, `lastname_student`, `firstname_student`, `role_student`, `year_student`) VALUES
('80012004', 'AY2024-1', '80012004', 'Johnson', 'Emily', 'Student', 4),
('80012005', 'AY2024-1', '80012005', 'Williams', 'Oliver', 'Student', 1),
('80012006', 'AY2024-1', '80012006', 'Martinez', 'Sophia', 'Student', 2),
('80012007', 'AY2024-1', '80012007', 'Garcia', 'Liam', 'Student', 3),
('80012008', 'AY2024-1', '80012008', 'Lopez', 'Mia', 'Student', 4),
('80012009', 'AY2024-1', '80012009', 'Davis', 'Lucas', 'Student', 1),
('80012010', 'AY2024-1', '80012010', 'Rodriguez', 'Amelia', 'Student', 3),
('80012011', 'AY2024-1', '80012011', 'Hernandez', 'James', 'Student', 4),
('80012012', 'AY2024-1', '80012012', 'Perez', 'Isabella', 'Student', 2),
('80012013', 'AY2024-1', '80012013', 'Clark', 'Benjamin', 'Student', 3),
('80012014', 'AY2024-1', '80012014', 'Lewis', 'Evelyn', 'Student', 1),
('80012015', 'AY2024-1', '80012015', 'Walker', 'Aiden', 'Student', 2),
('80013001', 'AY2024-1', '80013001', 'Anderson', 'Ethan', 'Student', 1),
('80013002', 'AY2024-1', '80013002', 'Morris', 'Sophia', 'Student', 2),
('80013003', 'AY2024-1', '80013003', 'Hill', 'William', 'Student', 3),
('80013004', 'AY2024-1', '80013004', 'Scott', 'Emma', 'Student', 4),
('80013005', 'AY2024-1', '80013005', 'Adams', 'Michael', 'Student', 1),
('80013006', 'AY2024-1', '80013006', 'Bell', 'Olivia', 'Student', 2),
('80013007', 'AY2024-1', '80013007', 'Campbell', 'Alexander', 'Student', 3),
('80013008', 'AY2024-1', '80013008', 'Cooper', 'Ava', 'Student', 4),
('80013009', 'AY2024-1', '80013009', 'Baker', 'Elijah', 'Student', 1),
('80013010', 'AY2024-1', '80013010', 'Carter', 'Charlotte', 'Student', 2),
('80013011', 'AY2024-1', '80013011', 'Collins', 'Mason', 'Student', 3),
('80013012', 'AY2024-1', '80013012', 'Cook', 'Mia', 'Student', 4),
('80013013', 'AY2024-1', '80013013', 'Davis', 'Logan', 'Student', 1),
('80013014', 'AY2024-1', '80013014', 'Howard', 'Amelia', 'Student', 2),
('80013015', 'AY2024-1', '80013015', 'King', 'Lucas', 'Student', 3),
('80013016', 'AY2024-1', '80013016', 'Nelson', 'Isabella', 'Student', 4),
('80013017', 'AY2024-1', '80013017', 'Parker', 'James', 'Student', 1),
('80013018', 'AY2024-1', '80013018', 'Perez', 'Evelyn', 'Student', 2),
('80013019', 'AY2024-1', '80013019', 'Powell', 'Aiden', 'Student', 3),
('80013020', 'AY2024-1', '80013020', 'Price', 'Sophia', 'Student', 4),
('80013021', 'AY2024-1', '80013021', 'Reed', 'Benjamin', 'Student', 1),
('80013022', 'AY2024-1', '80013022', 'Richardson', 'Emily', 'Student', 2),
('80013023', 'AY2024-1', '80013023', 'Roberts', 'Matthew', 'Student', 3),
('80013024', 'AY2024-1', '80013024', 'Rogers', 'Ava', 'Student', 4),
('80013025', 'AY2024-1', '80013025', 'Sanders', 'Daniel', 'Student', 1),
('80013026', 'AY2024-1', '80013026', 'Simpson', 'Ella', 'Student', 2),
('80013027', 'AY2024-1', '80013027', 'Smith', 'Jack', 'Student', 3),
('80013028', 'AY2024-1', '80013028', 'Stewart', 'Grace', 'Student', 4),
('80013029', 'AY2024-1', '80013029', 'Taylor', 'Ryan', 'Student', 1),
('80013030', 'AY2024-1', '80013030', 'Thomas', 'Zoey', 'Student', 2),
('80013031', 'AY2024-1', '80013031', 'Thompson', 'Samuel', 'Student', 3),
('80013032', 'AY2024-1', '80013032', 'Torres', 'Lily', 'Student', 4),
('80013033', 'AY2024-1', '80013033', 'Turner', 'Nathan', 'Student', 1),
('80013034', 'AY2024-1', '80013034', 'Walker', 'Hannah', 'Student', 2),
('80013035', 'AY2024-1', '80013035', 'Ward', 'Landon', 'Student', 3),
('80013036', 'AY2024-1', '80013036', 'Watson', 'Aria', 'Student', 4),
('80013037', 'AY2024-1', '80013037', 'White', 'Henry', 'Student', 1),
('80013038', 'AY2024-1', '80013038', 'Williams', 'Nora', 'Student', 2),
('80013039', 'AY2024-1', '80013039', 'Wood', 'Isaac', 'Student', 3),
('80013040', 'AY2024-1', '80013040', 'Young', 'Leah', 'Student', 4),
('80020001', 'AY2024-1', '80020001', 'Adams', 'Emma', 'Student', 1),
('80020002', 'AY2024-1', '80020002', 'Allen', 'Liam', 'Student', 2),
('80020003', 'AY2024-1', '80020003', 'Anderson', 'Olivia', 'Student', 3),
('80020004', 'AY2024-1', '80020004', 'Baker', 'Noah', 'Student', 4),
('80020005', 'AY2024-1', '80020005', 'Bell', 'Sophia', 'Student', 1),
('80020006', 'AY2024-1', '80020006', 'Campbell', 'Mason', 'Student', 2),
('80020007', 'AY2024-1', '80020007', 'Carter', 'Isabella', 'Student', 3),
('80020008', 'AY2024-1', '80020008', 'Collins', 'Lucas', 'Student', 4),
('80020009', 'AY2024-1', '80020009', 'Cook', 'Mia', 'Student', 1),
('80020010', 'AY2024-1', '80020010', 'Cooper', 'Benjamin', 'Student', 2),
('80020011', 'AY2024-1', '80020011', 'Cox', 'Charlotte', 'Student', 3),
('80020012', 'AY2024-1', '80020012', 'Davis', 'Elijah', 'Student', 4),
('80020013', 'AY2024-1', '80020013', 'Diaz', 'Amelia', 'Student', 1),
('80020014', 'AY2024-1', '80020014', 'Evans', 'Logan', 'Student', 2),
('80020015', 'AY2024-1', '80020015', 'Fisher', 'Evelyn', 'Student', 3),
('80020016', 'AY2024-1', '80020016', 'Garcia', 'Aiden', 'Student', 4),
('80020017', 'AY2024-1', '80020017', 'Gomez', 'Sophia', 'Student', 1),
('80020018', 'AY2024-1', '80020018', 'Gonzalez', 'Matthew', 'Student', 2),
('80020019', 'AY2024-1', '80020019', 'Green', 'Jack', 'Student', 3),
('80020020', 'AY2024-1', '80020020', 'Harris', 'Grace', 'Student', 4),
('80020021', 'AY2024-1', '80020021', 'Hill', 'Ryan', 'Student', 1),
('80020022', 'AY2024-1', '80020022', 'Howard', 'Zoey', 'Student', 2),
('80020023', 'AY2024-1', '80020023', 'Jackson', 'Samuel', 'Student', 3),
('80020024', 'AY2024-1', '80020024', 'Jones', 'Lily', 'Student', 4),
('80020025', 'AY2024-1', '80020025', 'Kelly', 'Nathan', 'Student', 1),
('80020026', 'AY2024-1', '80020026', 'King', 'Hannah', 'Student', 2),
('80020027', 'AY2024-1', '80020027', 'Lee', 'Landon', 'Student', 3),
('80020028', 'AY2024-1', '80020028', 'Lewis', 'Aria', 'Student', 4),
('80020029', 'AY2024-1', '80020029', 'Martinez', 'Henry', 'Student', 1),
('80020030', 'AY2024-1', '80020030', 'Mitchell', 'Nora', 'Student', 2),
('80020031', 'AY2024-1', '80020031', 'Moore', 'Isaac', 'Student', 3),
('80020032', 'AY2024-1', '80020032', 'Morris', 'Leah', 'Student', 4),
('80020033', 'AY2024-1', '80020033', 'Nelson', 'Ethan', 'Student', 1),
('80020034', 'AY2024-1', '80020034', 'Parker', 'Ella', 'Student', 2),
('80020035', 'AY2024-1', '80020035', 'Perez', 'Alexander', 'Student', 3),
('80020036', 'AY2024-1', '80020036', 'Phillips', 'Ava', 'Student', 4),
('80020037', 'AY2024-1', '80020037', 'Powell', 'Michael', 'Student', 1),
('80020038', 'AY2024-1', '80020038', 'Price', 'Emily', 'Student', 2),
('80020039', 'AY2024-1', '80020039', 'Reed', 'Matthew', 'Student', 3),
('80020040', 'AY2024-1', '80020040', 'Richardson', 'Scarlett', 'Student', 4),
('80020041', 'AY2024-1', '80020041', 'Roberts', 'Daniel', 'Student', 1),
('80020042', 'AY2024-1', '80020042', 'Rodriguez', 'Zoe', 'Student', 2),
('80020043', 'AY2024-1', '80020043', 'Rogers', 'Carter', 'Student', 3),
('80020044', 'AY2024-1', '80020044', 'Sanders', 'Penelope', 'Student', 4),
('80020045', 'AY2024-1', '80020045', 'Scott', 'Andrew', 'Student', 1),
('80020046', 'AY2024-1', '80020046', 'Simpson', 'Harper', 'Student', 2),
('80020047', 'AY2024-1', '80020047', 'Smith', 'Caleb', 'Student', 3),
('80020048', 'AY2024-1', '80020048', 'Stewart', 'Chloe', 'Student', 4),
('80020049', 'AY2024-1', '80020049', 'Taylor', 'Joshua', 'Student', 1),
('80020050', 'AY2024-1', '80020050', 'Thomas', 'Victoria', 'Student', 2),
('80020051', 'AY2024-1', '80020051', 'Thompson', 'Aaron', 'Student', 3),
('80020052', 'AY2024-1', '80020052', 'Torres', 'Madeline', 'Student', 4),
('80020053', 'AY2024-1', '80020053', 'Walker', 'Adrian', 'Student', 1),
('80020054', 'AY2024-1', '80020054', 'Ward', 'Alyssa', 'Student', 2),
('80020055', 'AY2024-1', '80020055', 'Watson', 'Grayson', 'Student', 3),
('80020056', 'AY2024-1', '80020056', 'White', 'Layla', 'Student', 4),
('80020057', 'AY2024-1', '80020057', 'Williams', 'Elias', 'Student', 1),
('80020058', 'AY2024-1', '80020058', 'Young', 'Aurora', 'Student', 2),
('80020059', 'AY2024-1', '80020059', 'Wood', 'Christian', 'Student', 3),
('80020060', 'AY2024-1', '80020060', 'Wilson', 'Bella', 'Student', 4),
('80020061', 'AY2024-1', '80020061', 'Clark', 'Wyatt', 'Student', 1),
('80020062', 'AY2024-1', '80020062', 'Hernandez', 'Lucy', 'Student', 2),
('80020063', 'AY2024-1', '80020063', 'Allen', 'Everett', 'Student', 3),
('80020064', 'AY2024-1', '80020064', 'Lopez', 'Hazel', 'Student', 4),
('80020065', 'AY2024-1', '80020065', 'Nguyen', 'Sebastian', 'Student', 1),
('80020066', 'AY2024-1', '80020066', 'Cruz', 'Stella', 'Student', 2),
('80020067', 'AY2024-1', '80020067', 'Gray', 'Dylan', 'Student', 3),
('80020068', 'AY2024-1', '80020068', 'Garcia', 'Ellie', 'Student', 4),
('80020069', 'AY2024-1', '80020069', 'Waters', 'Miles', 'Student', 1),
('80020070', 'AY2024-1', '80020070', 'Rivera', 'Nova', 'Student', 2),
('80020071', 'AY2024-1', '80020071', 'Gonzalez', 'Luke', 'Student', 3),
('80020072', 'AY2024-1', '80020072', 'Ramirez', 'Violet', 'Student', 4),
('80020073', 'AY2024-1', '80020073', 'Ortiz', 'Asher', 'Student', 1),
('80020074', 'AY2024-1', '80020074', 'Peterson', 'Zoey', 'Student', 2),
('80020075', 'AY2024-1', '80020075', 'Murphy', 'Julian', 'Student', 3),
('80020076', 'AY2024-1', '80020076', 'Simmons', 'Sadie', 'Student', 4),
('80020077', 'AY2024-1', '80020077', 'Long', 'Nathaniel', 'Student', 1),
('80020078', 'AY2024-1', '80020078', 'Wright', 'Aurora', 'Student', 2),
('80020079', 'AY2024-1', '80020079', 'Webb', 'Colton', 'Student', 3),
('80020080', 'AY2024-1', '80020080', 'Ward', 'Lila', 'Student', 4),
('80020081', 'AY2024-1', '80020081', 'Owens', 'Declan', 'Student', 1),
('80020082', 'AY2024-1', '80020082', 'Bennett', 'Clara', 'Student', 2),
('80020083', 'AY2024-1', '80020083', 'Howard', 'Liam', 'Student', 3),
('80020084', 'AY2024-1', '80020084', 'Hughes', 'Maya', 'Student', 4),
('80020085', 'AY2024-1', '80020085', 'Ford', 'Oliver', 'Student', 1),
('80020086', 'AY2024-1', '80020086', 'Carter', 'Leah', 'Student', 2),
('80020087', 'AY2024-1', '80020087', 'Morris', 'Henry', 'Student', 3),
('80020088', 'AY2024-1', '80020088', 'Morgan', 'Ava', 'Student', 4),
('80020089', 'AY2024-1', '80020089', 'Hayes', 'Wyatt', 'Student', 1),
('80020090', 'AY2024-1', '80020090', 'Evans', 'Aria', 'Student', 2),
('80020091', 'AY2024-1', '80020091', 'Harris', 'Isaac', 'Student', 3),
('80020092', 'AY2024-1', '80020092', 'Martinez', 'Nora', 'Student', 4),
('80020093', 'AY2024-1', '80020093', 'Baker', 'Lucas', 'Student', 1),
('80020094', 'AY2024-1', '80020094', 'Price', 'Emma', 'Student', 2),
('80020095', 'AY2024-1', '80020095', 'Jones', 'Elijah', 'Student', 3),
('80020096', 'AY2024-1', '80020096', 'Young', 'Sophia', 'Student', 4),
('80020097', 'AY2024-1', '80020097', 'Wilson', 'Mason', 'Student', 1),
('80020098', 'AY2024-1', '80020098', 'Taylor', 'Charlotte', 'Student', 2),
('80020099', 'AY2024-1', '80020099', 'Thompson', 'Amelia', 'Student', 3),
('80020100', 'AY2024-1', '80020100', 'Clark', 'Evelyn', 'Student', 4),
('80060756', 'AY2024-1', '123123', 'Ramos', 'Joswa', 'Student', 4),
('80060195', 'AY2024-1', '123123', 'Jaula', 'Janini', 'Student', 4),
('', '', '', '', '', '', 0);

-- --------------------------------------------------------

--
-- Table structure for table `student_attendance`
--

CREATE TABLE `student_attendance` (
  `id_attendance` int(11) NOT NULL,
  `id_student` int(11) NOT NULL,
  `date_attendance` datetime NOT NULL,
  `status_attendance` varchar(99) NOT NULL,
  `fine_amount` int(11) NOT NULL
) ENGINE=MyISAM DEFAULT CHARSET=utf8mb4 COLLATE=utf8mb4_general_ci;

--
-- Dumping data for table `student_attendance`
--

INSERT INTO `student_attendance` (`id_attendance`, `id_student`, `date_attendance`, `status_attendance`, `fine_amount`) VALUES
(45, 80062165, '2024-11-10 20:33:20', 'Present', 0),
(45, 80010715, '2024-12-10 02:59:43', 'Present', 0),
(46, 1, '2024-12-09 13:52:06', 'Absent', 6000),
(46, 2147483647, '2024-12-09 13:52:06', 'Absent', 6000),
(46, 2, '2024-12-09 13:52:06', 'Absent', 6000),
(46, 3, '2024-12-09 13:52:06', 'Absent', 6000),
(46, 4, '2024-12-09 13:52:06', 'Absent', 6000),
(46, 80000001, '2024-12-09 13:52:06', 'Absent', 6000),
(46, 80000002, '2024-12-09 13:52:06', 'Absent', 6000),
(46, 80000009, '2024-12-09 13:52:06', 'Absent', 6000),
(46, 80010002, '2024-12-09 13:52:06', 'Absent', 6000),
(46, 80010003, '2024-12-09 13:52:06', 'Absent', 6000),
(46, 80010004, '2024-12-09 13:52:06', 'Absent', 6000),
(46, 80010005, '2024-12-09 13:52:06', 'Absent', 6000),
(46, 80010010, '2024-12-09 13:52:06', 'Absent', 6000),
(46, 80010715, '2024-12-09 13:52:06', 'Absent', 6000),
(46, 80012001, '2024-12-09 13:52:06', 'Absent', 6000),
(46, 80012002, '2024-12-09 13:52:06', 'Absent', 6000),
(46, 80012003, '2024-12-09 13:52:06', 'Absent', 6000),
(46, 80012004, '2024-12-09 13:52:06', 'Absent', 6000),
(46, 80012005, '2024-12-09 13:52:06', 'Absent', 6000),
(46, 80012006, '2024-12-09 13:52:06', 'Absent', 6000),
(46, 80012007, '2024-12-09 13:52:06', 'Absent', 6000),
(46, 80012008, '2024-12-09 13:52:06', 'Absent', 6000),
(46, 80012009, '2024-12-09 13:52:06', 'Absent', 6000),
(46, 80012010, '2024-12-09 13:52:06', 'Absent', 6000),
(46, 80012011, '2024-12-09 13:52:06', 'Absent', 6000),
(46, 80012012, '2024-12-09 13:52:06', 'Absent', 6000),
(46, 80012013, '2024-12-09 13:52:06', 'Absent', 6000),
(46, 80012014, '2024-12-09 13:52:06', 'Absent', 6000),
(46, 80012015, '2024-12-09 13:52:06', 'Absent', 6000),
(46, 80013001, '2024-12-09 13:52:06', 'Absent', 6000),
(46, 80013002, '2024-12-09 13:52:06', 'Absent', 6000),
(46, 80013003, '2024-12-09 13:52:06', 'Absent', 6000),
(46, 80013004, '2024-12-09 13:52:06', 'Absent', 6000),
(46, 80013005, '2024-12-09 13:52:06', 'Absent', 6000),
(46, 80013006, '2024-12-09 13:52:06', 'Absent', 6000),
(46, 80013007, '2024-12-09 13:52:06', 'Absent', 6000),
(46, 80013008, '2024-12-09 13:52:06', 'Absent', 6000),
(46, 80013009, '2024-12-09 13:52:06', 'Absent', 6000),
(46, 80013010, '2024-12-09 13:52:06', 'Absent', 6000),
(46, 80013011, '2024-12-09 13:52:06', 'Absent', 6000),
(46, 80013012, '2024-12-09 13:52:06', 'Absent', 6000),
(46, 80013013, '2024-12-09 13:52:06', 'Absent', 6000),
(46, 80013014, '2024-12-09 13:52:06', 'Absent', 6000),
(46, 80013015, '2024-12-09 13:52:06', 'Absent', 6000),
(46, 80013016, '2024-12-09 13:52:06', 'Absent', 6000),
(46, 80013017, '2024-12-09 13:52:06', 'Absent', 6000),
(46, 80013018, '2024-12-09 13:52:06', 'Absent', 6000),
(46, 80013019, '2024-12-09 13:52:06', 'Absent', 6000),
(46, 80013020, '2024-12-09 13:52:06', 'Absent', 6000),
(46, 80013021, '2024-12-09 13:52:06', 'Absent', 6000),
(46, 80013022, '2024-12-09 13:52:06', 'Absent', 6000),
(46, 80013023, '2024-12-09 13:52:06', 'Absent', 6000),
(46, 80013024, '2024-12-09 13:52:06', 'Absent', 6000),
(46, 80013025, '2024-12-09 13:52:06', 'Absent', 6000),
(46, 80013026, '2024-12-09 13:52:06', 'Absent', 6000),
(46, 80013027, '2024-12-09 13:52:06', 'Absent', 6000),
(46, 80013028, '2024-12-09 13:52:06', 'Absent', 6000),
(46, 80013029, '2024-12-09 13:52:06', 'Absent', 6000),
(46, 80013030, '2024-12-09 13:52:06', 'Absent', 6000),
(46, 80013031, '2024-12-09 13:52:06', 'Absent', 6000),
(46, 80013032, '2024-12-09 13:52:06', 'Absent', 6000),
(46, 80013033, '2024-12-09 13:52:06', 'Absent', 6000),
(46, 80013034, '2024-12-09 13:52:06', 'Absent', 6000),
(46, 80013035, '2024-12-09 13:52:06', 'Absent', 6000),
(46, 80013036, '2024-12-09 13:52:06', 'Absent', 6000),
(46, 80013037, '2024-12-09 13:52:06', 'Absent', 6000),
(46, 80013038, '2024-12-09 13:52:06', 'Absent', 6000),
(46, 80013039, '2024-12-09 13:52:06', 'Absent', 6000),
(46, 80013040, '2024-12-09 13:52:06', 'Absent', 6000),
(46, 80016562, '2024-12-09 13:52:06', 'Absent', 6000),
(46, 80020001, '2024-12-09 13:52:06', 'Absent', 6000),
(46, 80020002, '2024-12-09 13:52:06', 'Absent', 6000),
(46, 80020003, '2024-12-09 13:52:06', 'Absent', 6000),
(46, 80020004, '2024-12-09 13:52:06', 'Absent', 6000),
(46, 80020005, '2024-12-09 13:52:06', 'Absent', 6000),
(46, 80020006, '2024-12-09 13:52:06', 'Absent', 6000),
(46, 80020007, '2024-12-09 13:52:06', 'Absent', 6000),
(46, 80020008, '2024-12-09 13:52:06', 'Absent', 6000),
(46, 80020009, '2024-12-09 13:52:06', 'Absent', 6000),
(46, 80020010, '2024-12-09 13:52:06', 'Absent', 6000),
(46, 80020011, '2024-12-09 13:52:06', 'Absent', 6000),
(46, 80020012, '2024-12-09 13:52:06', 'Absent', 6000),
(46, 80020013, '2024-12-09 13:52:06', 'Absent', 6000),
(46, 80020014, '2024-12-09 13:52:06', 'Absent', 6000),
(46, 80020015, '2024-12-09 13:52:06', 'Absent', 6000),
(46, 80020016, '2024-12-09 13:52:06', 'Absent', 6000),
(46, 80020017, '2024-12-09 13:52:06', 'Absent', 6000),
(46, 80020018, '2024-12-09 13:52:06', 'Absent', 6000),
(46, 80020019, '2024-12-09 13:52:06', 'Absent', 6000),
(46, 80020020, '2024-12-09 13:52:06', 'Absent', 6000),
(46, 80020021, '2024-12-09 13:52:06', 'Absent', 6000),
(46, 80020022, '2024-12-09 13:52:06', 'Absent', 6000),
(46, 80020023, '2024-12-09 13:52:06', 'Absent', 6000),
(46, 80020024, '2024-12-09 13:52:06', 'Absent', 6000),
(46, 80020025, '2024-12-09 13:52:06', 'Absent', 6000),
(46, 80020026, '2024-12-09 13:52:06', 'Absent', 6000),
(46, 80020027, '2024-12-09 13:52:06', 'Absent', 6000),
(46, 80020028, '2024-12-09 13:52:06', 'Absent', 6000),
(46, 80020029, '2024-12-09 13:52:06', 'Absent', 6000),
(46, 80020030, '2024-12-09 13:52:06', 'Absent', 6000),
(46, 80020031, '2024-12-09 13:52:06', 'Absent', 6000),
(46, 80020032, '2024-12-09 13:52:06', 'Absent', 6000),
(46, 80020033, '2024-12-09 13:52:06', 'Absent', 6000),
(46, 80020034, '2024-12-09 13:52:06', 'Absent', 6000),
(46, 80020035, '2024-12-09 13:52:06', 'Absent', 6000),
(46, 80020036, '2024-12-09 13:52:06', 'Absent', 6000),
(46, 80020037, '2024-12-09 13:52:06', 'Absent', 6000),
(46, 80020038, '2024-12-09 13:52:06', 'Absent', 6000),
(46, 80020039, '2024-12-09 13:52:06', 'Absent', 6000),
(46, 80020040, '2024-12-09 13:52:06', 'Absent', 6000),
(46, 80020041, '2024-12-09 13:52:06', 'Absent', 6000),
(46, 80020042, '2024-12-09 13:52:06', 'Absent', 6000),
(46, 80020043, '2024-12-09 13:52:06', 'Absent', 6000),
(46, 80020044, '2024-12-09 13:52:06', 'Absent', 6000),
(46, 80020045, '2024-12-09 13:52:06', 'Absent', 6000),
(46, 80020046, '2024-12-09 13:52:06', 'Absent', 6000),
(46, 80020047, '2024-12-09 13:52:06', 'Absent', 6000),
(46, 80020048, '2024-12-09 13:52:06', 'Absent', 6000),
(46, 80020049, '2024-12-09 13:52:06', 'Absent', 6000),
(46, 80020050, '2024-12-09 13:52:06', 'Absent', 6000),
(46, 80020051, '2024-12-09 13:52:06', 'Absent', 6000),
(46, 80020052, '2024-12-09 13:52:06', 'Absent', 6000),
(46, 80020053, '2024-12-09 13:52:06', 'Absent', 6000),
(46, 80020054, '2024-12-09 13:52:06', 'Absent', 6000),
(46, 80020055, '2024-12-09 13:52:06', 'Absent', 6000),
(46, 80020056, '2024-12-09 13:52:06', 'Absent', 6000),
(46, 80020057, '2024-12-09 13:52:06', 'Absent', 6000),
(46, 80020058, '2024-12-09 13:52:06', 'Absent', 6000),
(46, 80020059, '2024-12-09 13:52:06', 'Absent', 6000),
(46, 80020060, '2024-12-09 13:52:06', 'Absent', 6000),
(46, 80020061, '2024-12-09 13:52:06', 'Absent', 6000),
(46, 80020062, '2024-12-09 13:52:06', 'Absent', 6000),
(46, 80020063, '2024-12-09 13:52:06', 'Absent', 6000),
(46, 80020064, '2024-12-09 13:52:06', 'Absent', 6000),
(46, 80020065, '2024-12-09 13:52:06', 'Absent', 6000),
(46, 80020066, '2024-12-09 13:52:06', 'Absent', 6000),
(46, 80020067, '2024-12-09 13:52:06', 'Absent', 6000),
(46, 80020068, '2024-12-09 13:52:06', 'Absent', 6000),
(46, 80020069, '2024-12-09 13:52:06', 'Absent', 6000),
(46, 80020070, '2024-12-09 13:52:06', 'Absent', 6000),
(46, 80020071, '2024-12-09 13:52:06', 'Absent', 6000),
(46, 80020072, '2024-12-09 13:52:06', 'Absent', 6000),
(46, 80020073, '2024-12-09 13:52:06', 'Absent', 6000),
(46, 80020074, '2024-12-09 13:52:06', 'Absent', 6000),
(46, 80020075, '2024-12-09 13:52:06', 'Absent', 6000),
(46, 80020076, '2024-12-09 13:52:06', 'Absent', 6000),
(46, 80020077, '2024-12-09 13:52:06', 'Absent', 6000),
(46, 80020078, '2024-12-09 13:52:06', 'Absent', 6000),
(46, 80020079, '2024-12-09 13:52:06', 'Absent', 6000),
(46, 80020080, '2024-12-09 13:52:06', 'Absent', 6000),
(46, 80020081, '2024-12-09 13:52:06', 'Absent', 6000),
(46, 80020082, '2024-12-09 13:52:06', 'Absent', 6000),
(46, 80020083, '2024-12-09 13:52:06', 'Absent', 6000),
(46, 80020084, '2024-12-09 13:52:06', 'Absent', 6000),
(46, 80020085, '2024-12-09 13:52:06', 'Absent', 6000),
(46, 80020086, '2024-12-09 13:52:06', 'Absent', 6000),
(46, 80020087, '2024-12-09 13:52:06', 'Absent', 6000),
(46, 80020088, '2024-12-09 13:52:06', 'Absent', 6000),
(46, 80020089, '2024-12-09 13:52:06', 'Absent', 6000),
(46, 80020090, '2024-12-09 13:52:06', 'Absent', 6000),
(46, 80020091, '2024-12-09 13:52:06', 'Absent', 6000),
(46, 80020092, '2024-12-09 13:52:06', 'Absent', 6000),
(46, 80020093, '2024-12-09 13:52:06', 'Absent', 6000),
(46, 80020094, '2024-12-09 13:52:06', 'Absent', 6000),
(46, 80020095, '2024-12-09 13:52:06', 'Absent', 6000),
(46, 80020096, '2024-12-09 13:52:06', 'Absent', 6000),
(46, 80020097, '2024-12-09 13:52:06', 'Absent', 6000),
(46, 80020098, '2024-12-09 13:52:06', 'Absent', 6000),
(46, 80020099, '2024-12-09 13:52:06', 'Absent', 6000),
(46, 80020100, '2024-12-09 13:52:06', 'Absent', 6000),
(45, 2, '2024-12-10 05:23:02', 'Present', 0),
(45, 3, '2024-12-10 05:23:14', 'Present', 0),
(45, 4, '2024-12-10 05:23:36', 'Present', 0),
(47, 1, '2024-12-10 07:06:58', 'Absent', 50),
(47, 1234, '2024-12-10 07:06:58', 'Absent', 50),
(47, 2, '2024-12-10 07:06:58', 'Absent', 50),
(47, 3, '2024-12-10 07:06:58', 'Absent', 50),
(47, 4, '2024-12-10 07:06:58', 'Absent', 50),
(47, 80000001, '2024-12-10 07:06:58', 'Absent', 50),
(47, 80000002, '2024-12-10 07:06:58', 'Absent', 50),
(47, 80000009, '2024-12-10 07:06:58', 'Absent', 50),
(47, 80010002, '2024-12-10 07:06:58', 'Absent', 50),
(47, 80010003, '2024-12-10 07:06:58', 'Absent', 50),
(47, 80010004, '2024-12-10 07:06:58', 'Absent', 50),
(47, 80010005, '2024-12-10 07:06:58', 'Absent', 50),
(47, 80010010, '2024-12-10 07:06:58', 'Absent', 50),
(47, 80010715, '2024-12-10 07:06:58', 'Absent', 50),
(47, 80012001, '2024-12-10 07:06:58', 'Absent', 50),
(47, 80012002, '2024-12-10 07:06:58', 'Absent', 50),
(47, 80012003, '2024-12-10 07:06:58', 'Absent', 50),
(47, 80012004, '2024-12-10 07:06:58', 'Absent', 50),
(47, 80012005, '2024-12-10 07:06:58', 'Absent', 50),
(47, 80012006, '2024-12-10 07:06:58', 'Absent', 50),
(47, 80012007, '2024-12-10 07:06:58', 'Absent', 50),
(47, 80012008, '2024-12-10 07:06:58', 'Absent', 50),
(47, 80012009, '2024-12-10 07:06:58', 'Absent', 50),
(47, 80012010, '2024-12-10 07:06:58', 'Absent', 50),
(47, 80012011, '2024-12-10 07:06:58', 'Absent', 50),
(47, 80012012, '2024-12-10 07:06:58', 'Absent', 50),
(47, 80012013, '2024-12-10 07:06:58', 'Absent', 50),
(47, 80012014, '2024-12-10 07:06:58', 'Absent', 50),
(47, 80012015, '2024-12-10 07:06:58', 'Absent', 50),
(47, 80013001, '2024-12-10 07:06:58', 'Absent', 50),
(47, 80013002, '2024-12-10 07:06:58', 'Absent', 50),
(47, 80013003, '2024-12-10 07:06:58', 'Absent', 50),
(47, 80013004, '2024-12-10 07:06:58', 'Absent', 50),
(47, 80013005, '2024-12-10 07:06:58', 'Absent', 50),
(47, 80013006, '2024-12-10 07:06:58', 'Absent', 50),
(47, 80013007, '2024-12-10 07:06:58', 'Absent', 50),
(47, 80013008, '2024-12-10 07:06:58', 'Absent', 50),
(47, 80013009, '2024-12-10 07:06:58', 'Absent', 50),
(47, 80013010, '2024-12-10 07:06:58', 'Absent', 50),
(47, 80013011, '2024-12-10 07:06:58', 'Absent', 50),
(47, 80013012, '2024-12-10 07:06:58', 'Absent', 50),
(47, 80013013, '2024-12-10 07:06:58', 'Absent', 50),
(47, 80013014, '2024-12-10 07:06:58', 'Absent', 50),
(47, 80013015, '2024-12-10 07:06:58', 'Absent', 50),
(47, 80013016, '2024-12-10 07:06:58', 'Absent', 50),
(47, 80013017, '2024-12-10 07:06:58', 'Absent', 50),
(47, 80013018, '2024-12-10 07:06:58', 'Absent', 50),
(47, 80013019, '2024-12-10 07:06:58', 'Absent', 50),
(47, 80013020, '2024-12-10 07:06:58', 'Absent', 50),
(47, 80013021, '2024-12-10 07:06:58', 'Absent', 50),
(47, 80013022, '2024-12-10 07:06:58', 'Absent', 50),
(47, 80013023, '2024-12-10 07:06:58', 'Absent', 50),
(47, 80013024, '2024-12-10 07:06:58', 'Absent', 50),
(47, 80013025, '2024-12-10 07:06:58', 'Absent', 50),
(47, 80013026, '2024-12-10 07:06:58', 'Absent', 50),
(47, 80013027, '2024-12-10 07:06:58', 'Absent', 50),
(47, 80013028, '2024-12-10 07:06:58', 'Absent', 50),
(47, 80013029, '2024-12-10 07:06:58', 'Absent', 50),
(47, 80013030, '2024-12-10 07:06:58', 'Absent', 50),
(47, 80013031, '2024-12-10 07:06:58', 'Absent', 50),
(47, 80013032, '2024-12-10 07:06:58', 'Absent', 50),
(47, 80013033, '2024-12-10 07:06:58', 'Absent', 50),
(47, 80013034, '2024-12-10 07:06:58', 'Absent', 50),
(47, 80013035, '2024-12-10 07:06:58', 'Absent', 50),
(47, 80013036, '2024-12-10 07:06:58', 'Absent', 50),
(47, 80013037, '2024-12-10 07:06:58', 'Absent', 50),
(47, 80013038, '2024-12-10 07:06:58', 'Absent', 50),
(47, 80013039, '2024-12-10 07:06:58', 'Absent', 50),
(47, 80013040, '2024-12-10 07:06:58', 'Absent', 50),
(47, 80016562, '2024-12-10 07:06:58', 'Absent', 50),
(47, 80020001, '2024-12-10 07:06:58', 'Absent', 50),
(47, 80020002, '2024-12-10 07:06:58', 'Absent', 50),
(47, 80020003, '2024-12-10 07:06:58', 'Absent', 50),
(47, 80020004, '2024-12-10 07:06:58', 'Absent', 50),
(47, 80020005, '2024-12-10 07:06:58', 'Absent', 50),
(47, 80020006, '2024-12-10 07:06:58', 'Absent', 50),
(47, 80020007, '2024-12-10 07:06:58', 'Absent', 50),
(47, 80020008, '2024-12-10 07:06:58', 'Absent', 50),
(47, 80020009, '2024-12-10 07:06:58', 'Absent', 50),
(47, 80020010, '2024-12-10 07:06:58', 'Absent', 50),
(47, 80020011, '2024-12-10 07:06:58', 'Absent', 50),
(47, 80020012, '2024-12-10 07:06:58', 'Absent', 50),
(47, 80020013, '2024-12-10 07:06:58', 'Absent', 50),
(47, 80020014, '2024-12-10 07:06:58', 'Absent', 50),
(47, 80020015, '2024-12-10 07:06:58', 'Absent', 50),
(47, 80020016, '2024-12-10 07:06:58', 'Absent', 50),
(47, 80020017, '2024-12-10 07:06:58', 'Absent', 50),
(47, 80020018, '2024-12-10 07:06:58', 'Absent', 50),
(47, 80020019, '2024-12-10 07:06:58', 'Absent', 50),
(47, 80020020, '2024-12-10 07:06:58', 'Absent', 50),
(47, 80020021, '2024-12-10 07:06:58', 'Absent', 50),
(47, 80020022, '2024-12-10 07:06:58', 'Absent', 50),
(47, 80020023, '2024-12-10 07:06:58', 'Absent', 50),
(47, 80020024, '2024-12-10 07:06:58', 'Absent', 50),
(47, 80020025, '2024-12-10 07:06:58', 'Absent', 50),
(47, 80020026, '2024-12-10 07:06:58', 'Absent', 50),
(47, 80020027, '2024-12-10 07:06:58', 'Absent', 50),
(47, 80020028, '2024-12-10 07:06:58', 'Absent', 50),
(47, 80020029, '2024-12-10 07:06:58', 'Absent', 50),
(47, 80020030, '2024-12-10 07:06:58', 'Absent', 50),
(47, 80020031, '2024-12-10 07:06:58', 'Absent', 50),
(47, 80020032, '2024-12-10 07:06:58', 'Absent', 50),
(47, 80020033, '2024-12-10 07:06:58', 'Absent', 50),
(47, 80020034, '2024-12-10 07:06:58', 'Absent', 50),
(47, 80020035, '2024-12-10 07:06:58', 'Absent', 50),
(47, 80020036, '2024-12-10 07:06:58', 'Absent', 50),
(47, 80020037, '2024-12-10 07:06:58', 'Absent', 50),
(47, 80020038, '2024-12-10 07:06:58', 'Absent', 50),
(47, 80020039, '2024-12-10 07:06:58', 'Absent', 50),
(47, 80020040, '2024-12-10 07:06:58', 'Absent', 50),
(47, 80020041, '2024-12-10 07:06:58', 'Absent', 50),
(47, 80020042, '2024-12-10 07:06:58', 'Absent', 50),
(47, 80020043, '2024-12-10 07:06:58', 'Absent', 50),
(47, 80020044, '2024-12-10 07:06:58', 'Absent', 50),
(47, 80020045, '2024-12-10 07:06:58', 'Absent', 50),
(47, 80020046, '2024-12-10 07:06:58', 'Absent', 50),
(47, 80020047, '2024-12-10 07:06:58', 'Absent', 50),
(47, 80020048, '2024-12-10 07:06:58', 'Absent', 50),
(47, 80020049, '2024-12-10 07:06:58', 'Absent', 50),
(47, 80020050, '2024-12-10 07:06:58', 'Absent', 50),
(47, 80020051, '2024-12-10 07:06:58', 'Absent', 50),
(47, 80020052, '2024-12-10 07:06:58', 'Absent', 50),
(47, 80020053, '2024-12-10 07:06:58', 'Absent', 50),
(47, 80020054, '2024-12-10 07:06:58', 'Absent', 50),
(47, 80020055, '2024-12-10 07:06:58', 'Absent', 50),
(47, 80020056, '2024-12-10 07:06:58', 'Absent', 50),
(47, 80020057, '2024-12-10 07:06:58', 'Absent', 50),
(47, 80020058, '2024-12-10 07:06:58', 'Absent', 50),
(47, 80020059, '2024-12-10 07:06:58', 'Absent', 50),
(47, 80020060, '2024-12-10 07:06:58', 'Absent', 50),
(47, 80020061, '2024-12-10 07:06:58', 'Absent', 50),
(47, 80020062, '2024-12-10 07:06:58', 'Absent', 50),
(47, 80020063, '2024-12-10 07:06:58', 'Absent', 50),
(47, 80020064, '2024-12-10 07:06:58', 'Absent', 50),
(47, 80020065, '2024-12-10 07:06:58', 'Absent', 50),
(47, 80020066, '2024-12-10 07:06:58', 'Absent', 50),
(47, 80020067, '2024-12-10 07:06:58', 'Absent', 50),
(47, 80020068, '2024-12-10 07:06:58', 'Absent', 50),
(47, 80020069, '2024-12-10 07:06:58', 'Absent', 50),
(47, 80020070, '2024-12-10 07:06:58', 'Absent', 50),
(47, 80020071, '2024-12-10 07:06:58', 'Absent', 50),
(47, 80020072, '2024-12-10 07:06:58', 'Absent', 50),
(47, 80020073, '2024-12-10 07:06:58', 'Absent', 50),
(47, 80020074, '2024-12-10 07:06:58', 'Absent', 50),
(47, 80020075, '2024-12-10 07:06:58', 'Absent', 50),
(47, 80020076, '2024-12-10 07:06:58', 'Absent', 50),
(47, 80020077, '2024-12-10 07:06:58', 'Absent', 50),
(47, 80020078, '2024-12-10 07:06:58', 'Absent', 50),
(47, 80020079, '2024-12-10 07:06:58', 'Absent', 50),
(47, 80020080, '2024-12-10 07:06:58', 'Absent', 50),
(47, 80020081, '2024-12-10 07:06:58', 'Absent', 50),
(47, 80020082, '2024-12-10 07:06:58', 'Absent', 50),
(47, 80020083, '2024-12-10 07:06:58', 'Absent', 50),
(47, 80020084, '2024-12-10 07:06:58', 'Absent', 50),
(47, 80020085, '2024-12-10 07:06:58', 'Absent', 50),
(47, 80020086, '2024-12-10 07:06:58', 'Absent', 50),
(47, 80020087, '2024-12-10 07:06:58', 'Absent', 50),
(47, 80020088, '2024-12-10 07:06:58', 'Absent', 50),
(47, 80020089, '2024-12-10 07:06:58', 'Absent', 50),
(47, 80020090, '2024-12-10 07:06:58', 'Absent', 50),
(47, 80020091, '2024-12-10 07:06:58', 'Absent', 50),
(47, 80020092, '2024-12-10 07:06:58', 'Absent', 50),
(47, 80020093, '2024-12-10 07:06:58', 'Absent', 50),
(47, 80020094, '2024-12-10 07:06:58', 'Absent', 50),
(47, 80020095, '2024-12-10 07:06:58', 'Absent', 50),
(47, 80020096, '2024-12-10 07:06:58', 'Absent', 50),
(47, 80020097, '2024-12-10 07:06:58', 'Absent', 50),
(47, 80020098, '2024-12-10 07:06:58', 'Absent', 50),
(47, 80020099, '2024-12-10 07:06:58', 'Absent', 50),
(47, 80020100, '2024-12-10 07:06:58', 'Absent', 50),
(47, 80060195, '2024-12-10 07:06:58', 'Absent', 50),
(47, 80060756, '2024-12-10 07:06:58', 'Absent', 50),
(48, 1, '2024-12-10 07:06:58', 'Absent', 90),
(48, 1234, '2024-12-10 07:06:58', 'Absent', 90),
(48, 2, '2024-12-10 07:06:58', 'Absent', 90),
(48, 3, '2024-12-10 07:06:58', 'Absent', 90),
(48, 4, '2024-12-10 07:06:58', 'Absent', 90),
(48, 80000001, '2024-12-10 07:06:58', 'Absent', 90),
(48, 80000002, '2024-12-10 07:06:58', 'Absent', 90),
(48, 80000009, '2024-12-10 07:06:58', 'Absent', 90),
(48, 80010002, '2024-12-10 07:06:58', 'Absent', 90),
(48, 80010003, '2024-12-10 07:06:58', 'Absent', 90),
(48, 80010004, '2024-12-10 07:06:58', 'Absent', 90),
(48, 80010005, '2024-12-10 07:06:58', 'Absent', 90),
(48, 80010010, '2024-12-10 07:06:58', 'Absent', 90),
(48, 80010715, '2024-12-10 07:06:58', 'Absent', 90),
(48, 80012001, '2024-12-10 07:06:58', 'Absent', 90),
(48, 80012002, '2024-12-10 07:06:58', 'Absent', 90),
(48, 80012003, '2024-12-10 07:06:58', 'Absent', 90),
(48, 80012004, '2024-12-10 07:06:58', 'Absent', 90),
(48, 80012005, '2024-12-10 07:06:58', 'Absent', 90),
(48, 80012006, '2024-12-10 07:06:58', 'Absent', 90),
(48, 80012007, '2024-12-10 07:06:58', 'Absent', 90),
(48, 80012008, '2024-12-10 07:06:58', 'Absent', 90),
(48, 80012009, '2024-12-10 07:06:58', 'Absent', 90),
(48, 80012010, '2024-12-10 07:06:58', 'Absent', 90),
(48, 80012011, '2024-12-10 07:06:58', 'Absent', 90),
(48, 80012012, '2024-12-10 07:06:58', 'Absent', 90),
(48, 80012013, '2024-12-10 07:06:58', 'Absent', 90),
(48, 80012014, '2024-12-10 07:06:58', 'Absent', 90),
(48, 80012015, '2024-12-10 07:06:58', 'Absent', 90),
(48, 80013001, '2024-12-10 07:06:58', 'Absent', 90),
(48, 80013002, '2024-12-10 07:06:58', 'Absent', 90),
(48, 80013003, '2024-12-10 07:06:58', 'Absent', 90),
(48, 80013004, '2024-12-10 07:06:58', 'Absent', 90),
(48, 80013005, '2024-12-10 07:06:58', 'Absent', 90),
(48, 80013006, '2024-12-10 07:06:58', 'Absent', 90),
(48, 80013007, '2024-12-10 07:06:58', 'Absent', 90),
(48, 80013008, '2024-12-10 07:06:58', 'Absent', 90),
(48, 80013009, '2024-12-10 07:06:58', 'Absent', 90),
(48, 80013010, '2024-12-10 07:06:58', 'Absent', 90),
(48, 80013011, '2024-12-10 07:06:58', 'Absent', 90),
(48, 80013012, '2024-12-10 07:06:58', 'Absent', 90),
(48, 80013013, '2024-12-10 07:06:58', 'Absent', 90),
(48, 80013014, '2024-12-10 07:06:58', 'Absent', 90),
(48, 80013015, '2024-12-10 07:06:58', 'Absent', 90),
(48, 80013016, '2024-12-10 07:06:58', 'Absent', 90),
(48, 80013017, '2024-12-10 07:06:58', 'Absent', 90),
(48, 80013018, '2024-12-10 07:06:58', 'Absent', 90),
(48, 80013019, '2024-12-10 07:06:58', 'Absent', 90),
(48, 80013020, '2024-12-10 07:06:58', 'Absent', 90),
(48, 80013021, '2024-12-10 07:06:58', 'Absent', 90),
(48, 80013022, '2024-12-10 07:06:58', 'Absent', 90),
(48, 80013023, '2024-12-10 07:06:58', 'Absent', 90),
(48, 80013024, '2024-12-10 07:06:58', 'Absent', 90),
(48, 80013025, '2024-12-10 07:06:58', 'Absent', 90),
(48, 80013026, '2024-12-10 07:06:58', 'Absent', 90),
(48, 80013027, '2024-12-10 07:06:58', 'Absent', 90),
(48, 80013028, '2024-12-10 07:06:58', 'Absent', 90),
(48, 80013029, '2024-12-10 07:06:58', 'Absent', 90),
(48, 80013030, '2024-12-10 07:06:58', 'Absent', 90),
(48, 80013031, '2024-12-10 07:06:58', 'Absent', 90),
(48, 80013032, '2024-12-10 07:06:58', 'Absent', 90),
(48, 80013033, '2024-12-10 07:06:58', 'Absent', 90),
(48, 80013034, '2024-12-10 07:06:58', 'Absent', 90),
(48, 80013035, '2024-12-10 07:06:58', 'Absent', 90),
(48, 80013036, '2024-12-10 07:06:58', 'Absent', 90),
(48, 80013037, '2024-12-10 07:06:58', 'Absent', 90),
(48, 80013038, '2024-12-10 07:06:58', 'Absent', 90),
(48, 80013039, '2024-12-10 07:06:58', 'Absent', 90),
(48, 80013040, '2024-12-10 07:06:58', 'Absent', 90),
(48, 80016562, '2024-12-10 07:06:58', 'Absent', 90),
(48, 80020001, '2024-12-10 07:06:58', 'Absent', 90),
(48, 80020002, '2024-12-10 07:06:58', 'Absent', 90),
(48, 80020003, '2024-12-10 07:06:58', 'Absent', 90),
(48, 80020004, '2024-12-10 07:06:58', 'Absent', 90),
(48, 80020005, '2024-12-10 07:06:58', 'Absent', 90),
(48, 80020006, '2024-12-10 07:06:58', 'Absent', 90),
(48, 80020007, '2024-12-10 07:06:58', 'Absent', 90),
(48, 80020008, '2024-12-10 07:06:58', 'Absent', 90),
(48, 80020009, '2024-12-10 07:06:58', 'Absent', 90),
(48, 80020010, '2024-12-10 07:06:58', 'Absent', 90),
(48, 80020011, '2024-12-10 07:06:58', 'Absent', 90),
(48, 80020012, '2024-12-10 07:06:58', 'Absent', 90),
(48, 80020013, '2024-12-10 07:06:58', 'Absent', 90),
(48, 80020014, '2024-12-10 07:06:58', 'Absent', 90),
(48, 80020015, '2024-12-10 07:06:58', 'Absent', 90),
(48, 80020016, '2024-12-10 07:06:58', 'Absent', 90),
(48, 80020017, '2024-12-10 07:06:58', 'Absent', 90),
(48, 80020018, '2024-12-10 07:06:58', 'Absent', 90),
(48, 80020019, '2024-12-10 07:06:58', 'Absent', 90),
(48, 80020020, '2024-12-10 07:06:58', 'Absent', 90),
(48, 80020021, '2024-12-10 07:06:58', 'Absent', 90),
(48, 80020022, '2024-12-10 07:06:58', 'Absent', 90),
(48, 80020023, '2024-12-10 07:06:58', 'Absent', 90),
(48, 80020024, '2024-12-10 07:06:58', 'Absent', 90),
(48, 80020025, '2024-12-10 07:06:58', 'Absent', 90),
(48, 80020026, '2024-12-10 07:06:58', 'Absent', 90),
(48, 80020027, '2024-12-10 07:06:58', 'Absent', 90),
(48, 80020028, '2024-12-10 07:06:58', 'Absent', 90),
(48, 80020029, '2024-12-10 07:06:58', 'Absent', 90),
(48, 80020030, '2024-12-10 07:06:58', 'Absent', 90),
(48, 80020031, '2024-12-10 07:06:58', 'Absent', 90),
(48, 80020032, '2024-12-10 07:06:58', 'Absent', 90),
(48, 80020033, '2024-12-10 07:06:58', 'Absent', 90),
(48, 80020034, '2024-12-10 07:06:58', 'Absent', 90),
(48, 80020035, '2024-12-10 07:06:58', 'Absent', 90),
(48, 80020036, '2024-12-10 07:06:58', 'Absent', 90),
(48, 80020037, '2024-12-10 07:06:58', 'Absent', 90),
(48, 80020038, '2024-12-10 07:06:58', 'Absent', 90),
(48, 80020039, '2024-12-10 07:06:58', 'Absent', 90),
(48, 80020040, '2024-12-10 07:06:58', 'Absent', 90),
(48, 80020041, '2024-12-10 07:06:58', 'Absent', 90),
(48, 80020042, '2024-12-10 07:06:58', 'Absent', 90),
(48, 80020043, '2024-12-10 07:06:58', 'Absent', 90),
(48, 80020044, '2024-12-10 07:06:58', 'Absent', 90),
(48, 80020045, '2024-12-10 07:06:58', 'Absent', 90),
(48, 80020046, '2024-12-10 07:06:58', 'Absent', 90),
(48, 80020047, '2024-12-10 07:06:58', 'Absent', 90),
(48, 80020048, '2024-12-10 07:06:58', 'Absent', 90),
(48, 80020049, '2024-12-10 07:06:58', 'Absent', 90),
(48, 80020050, '2024-12-10 07:06:58', 'Absent', 90),
(48, 80020051, '2024-12-10 07:06:58', 'Absent', 90),
(48, 80020052, '2024-12-10 07:06:58', 'Absent', 90),
(48, 80020053, '2024-12-10 07:06:58', 'Absent', 90),
(48, 80020054, '2024-12-10 07:06:58', 'Absent', 90),
(48, 80020055, '2024-12-10 07:06:58', 'Absent', 90),
(48, 80020056, '2024-12-10 07:06:58', 'Absent', 90),
(48, 80020057, '2024-12-10 07:06:58', 'Absent', 90),
(48, 80020058, '2024-12-10 07:06:58', 'Absent', 90),
(48, 80020059, '2024-12-10 07:06:58', 'Absent', 90),
(48, 80020060, '2024-12-10 07:06:58', 'Absent', 90),
(48, 80020061, '2024-12-10 07:06:58', 'Absent', 90),
(48, 80020062, '2024-12-10 07:06:58', 'Absent', 90),
(48, 80020063, '2024-12-10 07:06:58', 'Absent', 90),
(48, 80020064, '2024-12-10 07:06:58', 'Absent', 90),
(48, 80020065, '2024-12-10 07:06:58', 'Absent', 90),
(48, 80020066, '2024-12-10 07:06:58', 'Absent', 90),
(48, 80020067, '2024-12-10 07:06:58', 'Absent', 90),
(48, 80020068, '2024-12-10 07:06:58', 'Absent', 90),
(48, 80020069, '2024-12-10 07:06:58', 'Absent', 90),
(48, 80020070, '2024-12-10 07:06:58', 'Absent', 90),
(48, 80020071, '2024-12-10 07:06:58', 'Absent', 90),
(48, 80020072, '2024-12-10 07:06:58', 'Absent', 90),
(48, 80020073, '2024-12-10 07:06:58', 'Absent', 90),
(48, 80020074, '2024-12-10 07:06:58', 'Absent', 90),
(48, 80020075, '2024-12-10 07:06:58', 'Absent', 90),
(48, 80020076, '2024-12-10 07:06:58', 'Absent', 90),
(48, 80020077, '2024-12-10 07:06:58', 'Absent', 90),
(48, 80020078, '2024-12-10 07:06:58', 'Absent', 90),
(48, 80020079, '2024-12-10 07:06:58', 'Absent', 90),
(48, 80020080, '2024-12-10 07:06:58', 'Absent', 90),
(48, 80020081, '2024-12-10 07:06:58', 'Absent', 90),
(48, 80020082, '2024-12-10 07:06:58', 'Absent', 90),
(48, 80020083, '2024-12-10 07:06:58', 'Absent', 90),
(48, 80020084, '2024-12-10 07:06:58', 'Absent', 90),
(48, 80020085, '2024-12-10 07:06:58', 'Absent', 90),
(48, 80020086, '2024-12-10 07:06:58', 'Absent', 90),
(48, 80020087, '2024-12-10 07:06:58', 'Absent', 90),
(48, 80020088, '2024-12-10 07:06:58', 'Absent', 90),
(48, 80020089, '2024-12-10 07:06:58', 'Absent', 90),
(48, 80020090, '2024-12-10 07:06:58', 'Absent', 90),
(48, 80020091, '2024-12-10 07:06:58', 'Absent', 90),
(48, 80020092, '2024-12-10 07:06:58', 'Absent', 90),
(48, 80020093, '2024-12-10 07:06:58', 'Absent', 90),
(48, 80020094, '2024-12-10 07:06:58', 'Absent', 90),
(48, 80020095, '2024-12-10 07:06:58', 'Absent', 90),
(48, 80020096, '2024-12-10 07:06:58', 'Absent', 90),
(48, 80020097, '2024-12-10 07:06:58', 'Absent', 90),
(48, 80020098, '2024-12-10 07:06:58', 'Absent', 90),
(48, 80020099, '2024-12-10 07:06:58', 'Absent', 90),
(48, 80020100, '2024-12-10 07:06:58', 'Absent', 90),
(48, 80060195, '2024-12-10 07:06:58', 'Absent', 90),
(48, 80060756, '2024-12-10 07:06:58', 'Absent', 90);

-- --------------------------------------------------------

--
-- Table structure for table `student_fees_record`
--

CREATE TABLE `student_fees_record` (
  `id_payment` int(11) NOT NULL,
  `id_student` int(11) NOT NULL,
  `status_payment` int(11) NOT NULL,
  `date_payment` int(11) NOT NULL,
  `payment_amount` int(11) NOT NULL
) ENGINE=MyISAM DEFAULT CHARSET=utf8mb4 COLLATE=utf8mb4_general_ci;

--
-- Indexes for dumped tables
--

--
-- Indexes for table `admins`
--
ALTER TABLE `admins`
  ADD PRIMARY KEY (`id_admin`);

--
-- Indexes for table `attendances`
--
ALTER TABLE `attendances`
  ADD PRIMARY KEY (`id_attendance`),
  ADD KEY `fk_event` (`id_event`);

--
-- Indexes for table `events`
--
ALTER TABLE `events`
  ADD PRIMARY KEY (`id_event`);

--
-- Indexes for table `notifications`
--
ALTER TABLE `notifications`
  ADD PRIMARY KEY (`id`);

--
-- Indexes for table `payments`
--
ALTER TABLE `payments`
  ADD PRIMARY KEY (`id_payment`);

--
-- Indexes for table `semester`
--
ALTER TABLE `semester`
  ADD PRIMARY KEY (`semester_ID`);

--
-- Indexes for table `student`
--
ALTER TABLE `student`
  ADD PRIMARY KEY (`id_student`);

--
-- Indexes for table `student_attendance`
--
ALTER TABLE `student_attendance`
  ADD UNIQUE KEY `id_attendance` (`id_attendance`,`id_student`);

--
-- Indexes for table `student_fees_record`
--
ALTER TABLE `student_fees_record`
  ADD UNIQUE KEY `id_payment` (`id_payment`,`id_student`);

--
-- AUTO_INCREMENT for dumped tables
--

--
-- AUTO_INCREMENT for table `attendances`
--
ALTER TABLE `attendances`
  MODIFY `id_attendance` int(11) NOT NULL AUTO_INCREMENT, AUTO_INCREMENT=49;

--
-- AUTO_INCREMENT for table `events`
--
ALTER TABLE `events`
  MODIFY `id_event` int(11) NOT NULL AUTO_INCREMENT, AUTO_INCREMENT=83;

--
-- AUTO_INCREMENT for table `notifications`
--
ALTER TABLE `notifications`
  MODIFY `id` int(11) NOT NULL AUTO_INCREMENT, AUTO_INCREMENT=38;

--
-- AUTO_INCREMENT for table `payments`
--
ALTER TABLE `payments`
  MODIFY `id_payment` int(11) NOT NULL AUTO_INCREMENT, AUTO_INCREMENT=101;
COMMIT;

/*!40101 SET CHARACTER_SET_CLIENT=@OLD_CHARACTER_SET_CLIENT */;
/*!40101 SET CHARACTER_SET_RESULTS=@OLD_CHARACTER_SET_RESULTS */;
/*!40101 SET COLLATION_CONNECTION=@OLD_COLLATION_CONNECTION */;
