-- phpMyAdmin SQL Dump
-- version 5.2.1
-- https://www.phpmyadmin.net/
--
-- Host: 127.0.0.1:3306
-- Generation Time: Feb 05, 2025 at 05:25 PM
-- Server version: 8.2.0
-- PHP Version: 8.2.13

SET SQL_MODE = "NO_AUTO_VALUE_ON_ZERO";
START TRANSACTION;
SET time_zone = "+00:00";


/*!40101 SET @OLD_CHARACTER_SET_CLIENT=@@CHARACTER_SET_CLIENT */;
/*!40101 SET @OLD_CHARACTER_SET_RESULTS=@@CHARACTER_SET_RESULTS */;
/*!40101 SET @OLD_COLLATION_CONNECTION=@@COLLATION_CONNECTION */;
/*!40101 SET NAMES utf8mb4 */;

--
-- Database: `u958767601_dcs`
--

-- --------------------------------------------------------

--
-- Table structure for table `admins`
--

DROP TABLE IF EXISTS `admins`;
CREATE TABLE IF NOT EXISTS `admins` (
  `id_admin` varchar(99) COLLATE utf8mb4_general_ci NOT NULL,
  `pass_admin` varchar(99) COLLATE utf8mb4_general_ci NOT NULL,
  `role_admin` varchar(99) COLLATE utf8mb4_general_ci NOT NULL,
  `lastname_admin` varchar(99) COLLATE utf8mb4_general_ci NOT NULL,
  `firstname_admin` varchar(99) COLLATE utf8mb4_general_ci NOT NULL,
  PRIMARY KEY (`id_admin`)
) ENGINE=MyISAM DEFAULT CHARSET=utf8mb4 COLLATE=utf8mb4_general_ci;

--
-- Dumping data for table `admins`
--

INSERT INTO `admins` (`id_admin`, `pass_admin`, `role_admin`, `lastname_admin`, `firstname_admin`) VALUES
('Haru_admin', '1234', 'Governor', 'Orais', 'Harrish'),
('JANINE_ADMIN', '1234$', 'Admin', 'Jaula', 'Janine Mhyles'),
('ANGELICA_ADMIN', '1234$', 'Admin', 'Ringcodo', 'Angelica'),
('REY_ADMIN', '1234$', 'Admin', 'Tangcaungco', 'Rey Ann');

-- --------------------------------------------------------

--
-- Table structure for table `attendances`
--

DROP TABLE IF EXISTS `attendances`;
CREATE TABLE IF NOT EXISTS `attendances` (
  `id_attendance` int NOT NULL AUTO_INCREMENT,
  `id_event` int NOT NULL,
  `type_attendance` varchar(999) COLLATE utf8mb4_general_ci NOT NULL,
  `attendance_status` varchar(99) COLLATE utf8mb4_general_ci NOT NULL,
  `Penalty_type` varchar(99) COLLATE utf8mb4_general_ci NOT NULL,
  `Penalty_requirements` varchar(99) CHARACTER SET utf8mb4 COLLATE utf8mb4_general_ci NOT NULL,
  `start_time` time NOT NULL,
  `end_time` time NOT NULL,
  PRIMARY KEY (`id_attendance`),
  KEY `fk_event` (`id_event`)
) ENGINE=MyISAM AUTO_INCREMENT=150 DEFAULT CHARSET=utf8mb4 COLLATE=utf8mb4_general_ci;

--
-- Dumping data for table `attendances`
--

INSERT INTO `attendances` (`id_attendance`, `id_event`, `type_attendance`, `attendance_status`, `Penalty_type`, `Penalty_requirements`, `start_time`, `end_time`) VALUES
(147, 150, 'IN', 'Ended', 'Fee', '343434', '01:44:00', '04:44:00'),
(148, 150, 'OUT', 'Ended', 'Fee', '454545', '02:05:00', '03:00:00');

-- --------------------------------------------------------

--
-- Table structure for table `events`
--

DROP TABLE IF EXISTS `events`;
CREATE TABLE IF NOT EXISTS `events` (
  `id_event` int NOT NULL AUTO_INCREMENT,
  `semester_ID` varchar(99) COLLATE utf8mb4_general_ci NOT NULL,
  `name_event` varchar(999) COLLATE utf8mb4_general_ci NOT NULL,
  `date_event` date NOT NULL,
  `event_start_time` time NOT NULL,
  `event_end_time` time NOT NULL,
  `event_desc` varchar(999) COLLATE utf8mb4_general_ci NOT NULL,
  `date_created` datetime DEFAULT CURRENT_TIMESTAMP,
  `created_by` varchar(99) COLLATE utf8mb4_general_ci DEFAULT NULL,
  PRIMARY KEY (`id_event`)
) ENGINE=MyISAM AUTO_INCREMENT=152 DEFAULT CHARSET=utf8mb4 COLLATE=utf8mb4_general_ci;

--
-- Dumping data for table `events`
--

INSERT INTO `events` (`id_event`, `semester_ID`, `name_event`, `date_event`, `event_start_time`, `event_end_time`, `event_desc`, `date_created`, `created_by`) VALUES
(150, 'AY2024-2025-1stsemester', 'Test event', '2025-02-02', '22:07:00', '15:07:00', '', '2025-02-01 22:07:12', 'Haru_admin');

-- --------------------------------------------------------

--
-- Table structure for table `notifications`
--

DROP TABLE IF EXISTS `notifications`;
CREATE TABLE IF NOT EXISTS `notifications` (
  `id` int NOT NULL AUTO_INCREMENT,
  `message` text COLLATE utf8mb4_general_ci NOT NULL,
  `date_created` timestamp NULL DEFAULT CURRENT_TIMESTAMP,
  PRIMARY KEY (`id`)
) ENGINE=MyISAM AUTO_INCREMENT=38 DEFAULT CHARSET=utf8mb4 COLLATE=utf8mb4_general_ci;

-- --------------------------------------------------------

--
-- Table structure for table `page_visits`
--

DROP TABLE IF EXISTS `page_visits`;
CREATE TABLE IF NOT EXISTS `page_visits` (
  `id` int NOT NULL AUTO_INCREMENT,
  `page_url` varchar(255) NOT NULL,
  `visit_time` timestamp NULL DEFAULT CURRENT_TIMESTAMP,
  `visitor_ip` varchar(45) DEFAULT NULL,
  PRIMARY KEY (`id`)
) ENGINE=MyISAM AUTO_INCREMENT=800 DEFAULT CHARSET=utf8mb4 COLLATE=utf8mb4_general_ci;


--
-- Dumping data for table `page_visits`
--

INSERT INTO `page_visits` (`id`, `page_url`, `visit_time`, `visitor_ip`) VALUES
(155, '/Department_web/', '2025-02-01 13:00:49', '::1'),
(153, '/Department_web/', '2025-02-01 13:00:49', '::1'),
(154, '/Department_web/', '2025-02-01 13:00:49', '::1'),
(152, '/Department_web/', '2025-02-01 13:00:49', '::1'),
(150, '/Department_web/', '2025-02-01 13:00:49', '::1'),
(151, '/Department_web/', '2025-02-01 13:00:49', '::1'),
(149, '/Department_web/', '2025-02-01 13:00:49', '::1'),
(147, '/Department_web/', '2025-02-01 13:00:48', '::1'),
(148, '/Department_web/', '2025-02-01 13:00:49', '::1'),
(146, '/Department_web/', '2025-02-01 13:00:48', '::1'),
(144, '/Department_web/', '2025-02-01 13:00:42', '::1'),
(145, '/Department_web/', '2025-02-01 13:00:48', '::1'),
(143, '/Department_web/', '2025-02-01 12:59:52', '::1'),
(141, '/Department_web/', '2025-02-01 12:59:52', '::1'),
(142, '/Department_web/', '2025-02-01 12:59:52', '::1'),
(140, '/Department_web/', '2025-02-01 12:59:52', '::1'),
(138, '/Department_web/', '2025-02-01 12:59:51', '::1'),
(139, '/Department_web/', '2025-02-01 12:59:51', '::1'),
(137, '/Department_web/', '2025-02-01 12:59:51', '::1'),
(135, '/Department_web/', '2025-02-01 12:59:51', '::1'),
(136, '/Department_web/', '2025-02-01 12:59:51', '::1'),
(134, '/Department_web/', '2025-02-01 12:59:51', '::1'),
(132, '/Department_web/', '2025-02-01 12:59:50', '::1'),
(133, '/Department_web/', '2025-02-01 12:59:51', '::1'),
(131, '/Department_web/', '2025-02-01 12:59:50', '::1'),
(129, '/Department_web/', '2025-02-01 12:59:50', '::1'),
(130, '/Department_web/', '2025-02-01 12:59:50', '::1'),
(128, '/Department_web/', '2025-02-01 12:59:50', '::1'),
(126, '/Department_web/', '2025-02-01 12:59:50', '::1'),
(127, '/Department_web/', '2025-02-01 12:59:50', '::1'),
(125, '/Department_web/', '2025-02-01 12:59:50', '::1'),
(123, '/Department_web/', '2025-02-01 12:59:49', '::1'),
(124, '/Department_web/', '2025-02-01 12:59:49', '::1'),
(122, '/Department_web/', '2025-02-01 12:59:49', '::1'),
(120, '/Department_web/', '2025-02-01 12:59:49', '::1'),
(121, '/Department_web/', '2025-02-01 12:59:49', '::1'),
(119, '/Department_web/', '2025-02-01 12:59:49', '::1'),
(117, '/Department_web/', '2025-02-01 12:59:48', '::1'),
(118, '/Department_web/', '2025-02-01 12:59:49', '::1'),
(116, '/Department_web/', '2025-02-01 12:59:48', '::1'),
(114, '/Department_web/', '2025-02-01 12:59:48', '::1'),
(115, '/Department_web/', '2025-02-01 12:59:48', '::1'),
(113, '/Department_web/', '2025-02-01 12:59:48', '::1'),
(111, '/Department_web/', '2025-02-01 12:59:48', '::1'),
(112, '/Department_web/', '2025-02-01 12:59:48', '::1'),
(110, '/Department_web/', '2025-02-01 12:59:48', '::1'),
(108, '/Department_web/', '2025-02-01 12:59:47', '::1'),
(109, '/Department_web/', '2025-02-01 12:59:47', '::1'),
(107, '/Department_web/', '2025-02-01 12:59:47', '::1'),
(105, '/Department_web/', '2025-02-01 12:59:47', '::1'),
(106, '/Department_web/', '2025-02-01 12:59:47', '::1'),
(104, '/Department_web/', '2025-02-01 12:59:47', '::1'),
(102, '/Department_web/', '2025-02-01 12:59:47', '::1'),
(103, '/Department_web/', '2025-02-01 12:59:47', '::1'),
(101, '/Department_web/', '2025-02-01 12:59:46', '::1'),
(99, '/Department_web/', '2025-02-01 12:59:46', '::1'),
(100, '/Department_web/', '2025-02-01 12:59:46', '::1'),
(98, '/Department_web/', '2025-02-01 12:59:46', '::1'),
(96, '/Department_web/', '2025-02-01 12:59:45', '::1'),
(97, '/Department_web/', '2025-02-01 12:59:45', '::1'),
(95, '/Department_web/', '2025-02-01 12:59:45', '::1'),
(93, '/Department_web/', '2025-02-01 12:59:45', '::1'),
(94, '/Department_web/', '2025-02-01 12:59:45', '::1'),
(92, '/Department_web/', '2025-02-01 12:59:45', '::1'),
(90, '/Department_web/', '2025-02-01 12:59:45', '::1'),
(91, '/Department_web/', '2025-02-01 12:59:45', '::1'),
(89, '/Department_web/', '2025-02-01 12:59:44', '::1'),
(88, '/Department_web/', '2025-02-01 12:59:44', '::1'),
(87, '/Department_web/', '2025-02-01 12:59:44', '::1'),
(86, '/Department_web/', '2025-02-01 12:59:44', '::1'),
(85, '/Department_web/', '2025-02-01 12:59:44', '::1'),
(84, '/Department_web/', '2025-02-01 12:59:44', '::1'),
(83, '/Department_web/', '2025-02-01 12:59:44', '::1'),
(82, '/Department_web/', '2025-02-01 12:59:43', '::1'),
(81, '/Department_web/', '2025-02-01 12:59:28', '::1'),
(80, '/Department_web/', '2025-02-01 12:59:26', '::1'),
(79, '/Department_web/', '2025-02-01 12:59:19', '::1'),
(78, '/Department_web/', '2025-02-01 12:59:17', '::1'),
(77, '/Department_web/', '2025-02-01 12:59:16', '::1'),
(76, '/Department_web/', '2025-02-01 12:59:09', '::1'),
(75, '/Department_web/', '2025-02-01 12:59:08', '::1'),
(74, '/Department_web/', '2025-02-01 12:58:32', '::1'),
(73, '/Department_web/', '2025-02-01 12:58:22', '::1'),
(72, '/Department_web/', '2025-02-01 12:57:20', '::1'),
(71, '/Department_web/', '2025-02-01 12:57:02', '::1'),
(70, '/Department_web/', '2025-02-01 12:56:57', '::1'),
(69, '/Department_web/', '2025-02-01 12:56:14', '::1'),
(68, '/Department_web/', '2025-02-01 12:55:08', '::1'),
(156, '/Department_web/', '2025-02-01 13:00:50', '::1'),
(157, '/Department_web/', '2025-02-01 13:00:50', '::1'),
(158, '/Department_web/', '2025-02-01 13:00:50', '::1'),
(159, '/Department_web/', '2025-02-01 13:00:50', '::1'),
(160, '/Department_web/', '2025-02-01 13:00:51', '::1'),
(161, '/Department_web/', '2025-02-01 13:00:51', '::1'),
(162, '/Department_web/', '2025-02-01 13:00:51', '::1'),
(163, '/Department_web/', '2025-02-01 13:00:51', '::1'),
(164, '/Department_web/', '2025-02-01 13:00:51', '::1'),
(165, '/Department_web/', '2025-02-01 13:00:51', '::1'),
(166, '/Department_web/', '2025-02-01 13:00:51', '::1'),
(167, '/Department_web/', '2025-02-01 13:00:51', '::1'),
(168, '/Department_web/', '2025-02-01 13:00:52', '::1'),
(169, '/Department_web/', '2025-02-01 13:00:52', '::1'),
(170, '/Department_web/', '2025-02-01 13:00:52', '::1'),
(171, '/Department_web/', '2025-02-01 13:00:52', '::1'),
(172, '/Department_web/', '2025-02-01 13:00:52', '::1'),
(173, '/Department_web/', '2025-02-01 13:00:53', '::1'),
(174, '/Department_web/', '2025-02-01 13:00:53', '::1'),
(175, '/Department_web/', '2025-02-01 13:00:53', '::1'),
(176, '/Department_web/', '2025-02-01 13:00:53', '::1'),
(177, '/Department_web/', '2025-02-01 13:00:53', '::1'),
(178, '/Department_web/', '2025-02-01 13:00:53', '::1'),
(179, '/Department_web/', '2025-02-01 13:00:53', '::1'),
(180, '/Department_web/', '2025-02-01 13:00:53', '::1'),
(181, '/Department_web/', '2025-02-01 13:00:54', '::1'),
(182, '/Department_web/', '2025-02-01 13:00:54', '::1'),
(183, '/Department_web/', '2025-02-01 13:00:54', '::1'),
(184, '/Department_web/', '2025-02-01 13:00:54', '::1'),
(185, '/Department_web/', '2025-02-01 13:00:54', '::1'),
(186, '/Department_web/', '2025-02-01 13:00:54', '::1'),
(187, '/Department_web/', '2025-02-01 13:00:54', '::1'),
(188, '/Department_web/', '2025-02-01 13:00:54', '::1'),
(189, '/Department_web/', '2025-02-01 13:00:55', '::1'),
(190, '/Department_web/', '2025-02-01 13:00:55', '::1'),
(191, '/Department_web/', '2025-02-01 13:00:55', '::1'),
(192, '/Department_web/', '2025-02-01 13:00:55', '::1'),
(193, '/Department_web/', '2025-02-01 13:00:55', '::1'),
(194, '/Department_web/', '2025-02-01 13:00:55', '::1'),
(195, '/Department_web/', '2025-02-01 13:00:55', '::1'),
(196, '/Department_web/', '2025-02-01 13:00:56', '::1'),
(197, '/Department_web/', '2025-02-01 13:00:56', '::1'),
(198, '/Department_web/', '2025-02-01 13:00:56', '::1'),
(199, '/Department_web/', '2025-02-01 13:00:56', '::1'),
(200, '/Department_web/', '2025-02-01 13:00:56', '::1'),
(201, '/Department_web/', '2025-02-01 13:00:56', '::1'),
(202, '/Department_web/', '2025-02-01 13:00:56', '::1'),
(203, '/Department_web/', '2025-02-01 13:00:56', '::1'),
(204, '/Department_web/', '2025-02-01 13:00:57', '::1'),
(205, '/Department_web/', '2025-02-01 13:00:57', '::1'),
(206, '/Department_web/', '2025-02-01 13:00:57', '::1'),
(207, '/Department_web/', '2025-02-01 13:00:57', '::1'),
(208, '/Department_web/', '2025-02-01 13:00:57', '::1'),
(209, '/Department_web/', '2025-02-01 13:00:57', '::1'),
(210, '/Department_web/', '2025-02-01 13:00:58', '::1'),
(211, '/Department_web/', '2025-02-01 13:00:58', '::1'),
(212, '/Department_web/', '2025-02-01 13:00:58', '::1'),
(213, '/Department_web/', '2025-02-01 13:00:58', '::1'),
(214, '/Department_web/', '2025-02-01 13:00:58', '::1'),
(215, '/Department_web/', '2025-02-01 13:00:58', '::1'),
(216, '/Department_web/', '2025-02-01 13:00:58', '::1'),
(217, '/Department_web/', '2025-02-01 13:00:59', '::1'),
(218, '/Department_web/', '2025-02-01 13:00:59', '::1'),
(219, '/Department_web/', '2025-02-01 13:00:59', '::1'),
(220, '/Department_web/', '2025-02-01 13:00:59', '::1'),
(221, '/Department_web/', '2025-02-01 13:00:59', '::1'),
(222, '/Department_web/', '2025-02-01 13:00:59', '::1'),
(223, '/Department_web/', '2025-02-01 13:00:59', '::1'),
(224, '/Department_web/', '2025-02-01 13:01:00', '::1'),
(225, '/Department_web/', '2025-02-01 13:01:00', '::1'),
(226, '/Department_web/', '2025-02-01 13:01:00', '::1'),
(227, '/Department_web/', '2025-02-01 13:01:00', '::1'),
(228, '/Department_web/', '2025-02-01 13:01:00', '::1'),
(229, '/Department_web/', '2025-02-01 13:01:00', '::1'),
(230, '/Department_web/', '2025-02-01 13:01:01', '::1'),
(231, '/Department_web/', '2025-02-01 13:01:01', '::1'),
(232, '/Department_web/', '2025-02-01 13:01:01', '::1'),
(233, '/Department_web/', '2025-02-01 13:01:01', '::1'),
(234, '/Department_web/', '2025-02-01 13:01:01', '::1'),
(235, '/Department_web/', '2025-02-01 13:01:02', '::1'),
(236, '/Department_web/', '2025-02-01 13:01:02', '::1'),
(237, '/Department_web/', '2025-02-01 13:01:02', '::1'),
(238, '/Department_web/', '2025-02-01 13:01:02', '::1'),
(239, '/Department_web/', '2025-02-01 13:01:02', '::1'),
(240, '/Department_web/', '2025-02-01 13:01:02', '::1'),
(241, '/Department_web/', '2025-02-01 13:01:03', '::1'),
(242, '/Department_web/', '2025-02-01 13:01:03', '::1'),
(243, '/Department_web/', '2025-02-01 13:01:03', '::1'),
(244, '/Department_web/', '2025-02-01 13:01:03', '::1'),
(245, '/Department_web/', '2025-02-01 13:01:03', '::1'),
(246, '/Department_web/', '2025-02-01 13:01:03', '::1'),
(247, '/Department_web/', '2025-02-01 13:01:04', '::1'),
(248, '/Department_web/', '2025-02-01 13:01:04', '::1'),
(249, '/Department_web/', '2025-02-01 13:01:04', '::1'),
(250, '/Department_web/', '2025-02-01 13:01:04', '::1'),
(251, '/Department_web/', '2025-02-01 13:01:04', '::1'),
(252, '/Department_web/', '2025-02-01 13:01:05', '::1'),
(253, '/Department_web/', '2025-02-01 13:01:05', '::1'),
(254, '/Department_web/', '2025-02-01 13:01:05', '::1'),
(255, '/Department_web/', '2025-02-01 13:01:05', '::1'),
(256, '/Department_web/', '2025-02-01 13:01:05', '::1'),
(257, '/Department_web/', '2025-02-01 13:01:05', '::1'),
(258, '/Department_web/', '2025-02-01 13:01:06', '::1'),
(259, '/Department_web/', '2025-02-01 13:01:06', '::1'),
(260, '/Department_web/', '2025-02-01 13:01:06', '::1'),
(261, '/Department_web/', '2025-02-01 13:01:06', '::1'),
(262, '/Department_web/', '2025-02-01 13:01:06', '::1'),
(263, '/Department_web/', '2025-02-01 13:01:06', '::1'),
(264, '/Department_web/', '2025-02-01 13:01:06', '::1'),
(265, '/Department_web/', '2025-02-01 13:01:07', '::1'),
(266, '/Department_web/', '2025-02-01 13:01:07', '::1'),
(267, '/Department_web/', '2025-02-01 13:01:07', '::1'),
(268, '/Department_web/', '2025-02-01 13:01:07', '::1'),
(269, '/Department_web/', '2025-02-01 13:01:07', '::1'),
(270, '/Department_web/', '2025-02-01 13:01:07', '::1'),
(271, '/Department_web/', '2025-02-01 13:01:17', '::1'),
(272, '/Department_web/', '2025-02-01 13:01:17', '::1'),
(273, '/Department_web/', '2025-02-01 13:01:17', '::1'),
(274, '/Department_web/', '2025-02-01 13:01:17', '::1'),
(275, '/Department_web/', '2025-02-01 13:01:17', '::1'),
(276, '/Department_web/', '2025-02-01 13:01:17', '::1'),
(277, '/Department_web/', '2025-02-01 13:01:17', '::1'),
(278, '/Department_web/', '2025-02-01 13:01:18', '::1'),
(279, '/Department_web/', '2025-02-01 13:01:18', '::1'),
(280, '/Department_web/', '2025-02-01 13:01:18', '::1'),
(281, '/Department_web/', '2025-02-01 13:01:18', '::1'),
(282, '/Department_web/', '2025-02-01 13:01:18', '::1'),
(283, '/Department_web/', '2025-02-01 13:01:18', '::1'),
(284, '/Department_web/', '2025-02-01 13:01:18', '::1'),
(285, '/Department_web/', '2025-02-01 13:01:19', '::1'),
(286, '/Department_web/', '2025-02-01 13:01:19', '::1'),
(287, '/Department_web/', '2025-02-01 13:01:19', '::1'),
(288, '/Department_web/', '2025-02-01 13:01:19', '::1'),
(289, '/Department_web/', '2025-02-01 13:01:19', '::1'),
(290, '/Department_web/', '2025-02-01 13:01:19', '::1'),
(291, '/Department_web/', '2025-02-01 13:01:20', '::1'),
(292, '/Department_web/', '2025-02-01 13:01:20', '::1'),
(293, '/Department_web/', '2025-02-01 13:01:20', '::1'),
(294, '/Department_web/', '2025-02-01 13:01:20', '::1'),
(295, '/Department_web/', '2025-02-01 13:01:20', '::1'),
(296, '/Department_web/', '2025-02-01 13:01:20', '::1'),
(297, '/Department_web/', '2025-02-01 13:01:22', '::1'),
(298, '/Department_web/', '2025-02-01 13:01:22', '::1'),
(299, '/Department_web/', '2025-02-01 13:01:22', '::1'),
(300, '/Department_web/', '2025-02-01 13:01:22', '::1'),
(301, '/Department_web/', '2025-02-01 13:01:22', '::1'),
(302, '/Department_web/', '2025-02-01 13:01:23', '::1'),
(303, '/Department_web/', '2025-02-01 13:01:23', '::1'),
(304, '/Department_web/', '2025-02-01 13:01:23', '::1'),
(305, '/Department_web/', '2025-02-01 13:01:23', '::1'),
(306, '/Department_web/', '2025-02-01 13:01:23', '::1'),
(307, '/Department_web/', '2025-02-01 13:01:24', '::1'),
(308, '/Department_web/', '2025-02-01 13:01:24', '::1'),
(309, '/Department_web/', '2025-02-01 13:01:24', '::1'),
(310, '/Department_web/', '2025-02-01 13:01:24', '::1'),
(311, '/Department_web/', '2025-02-01 13:01:24', '::1'),
(312, '/Department_web/', '2025-02-01 13:01:24', '::1'),
(313, '/Department_web/', '2025-02-01 13:01:24', '::1'),
(314, '/Department_web/', '2025-02-01 13:01:25', '::1'),
(315, '/Department_web/', '2025-02-01 13:01:25', '::1'),
(316, '/Department_web/', '2025-02-01 13:01:25', '::1'),
(317, '/Department_web/', '2025-02-01 13:01:25', '::1'),
(318, '/Department_web/', '2025-02-01 13:01:25', '::1'),
(319, '/Department_web/', '2025-02-01 13:01:25', '::1'),
(320, '/Department_web/', '2025-02-01 13:01:26', '::1'),
(321, '/Department_web/', '2025-02-01 13:01:26', '::1'),
(322, '/Department_web/', '2025-02-01 13:01:26', '::1'),
(323, '/Department_web/', '2025-02-01 13:01:26', '::1'),
(324, '/Department_web/', '2025-02-01 13:01:26', '::1'),
(325, '/Department_web/', '2025-02-01 13:01:26', '::1'),
(326, '/Department_web/', '2025-02-01 13:01:27', '::1'),
(327, '/Department_web/', '2025-02-01 13:01:27', '::1'),
(328, '/Department_web/', '2025-02-01 13:01:27', '::1'),
(329, '/Department_web/', '2025-02-01 13:01:27', '::1'),
(330, '/Department_web/', '2025-02-01 13:01:27', '::1'),
(331, '/Department_web/', '2025-02-01 13:01:27', '::1'),
(332, '/Department_web/', '2025-02-01 13:01:28', '::1'),
(333, '/Department_web/', '2025-02-01 13:01:28', '::1'),
(334, '/Department_web/', '2025-02-01 13:01:28', '::1'),
(335, '/Department_web/', '2025-02-01 13:01:28', '::1'),
(336, '/Department_web/', '2025-02-01 13:01:28', '::1'),
(337, '/Department_web/', '2025-02-01 13:01:28', '::1'),
(338, '/Department_web/', '2025-02-01 13:01:29', '::1'),
(339, '/Department_web/', '2025-02-01 13:01:29', '::1'),
(340, '/Department_web/', '2025-02-01 13:01:29', '::1'),
(341, '/Department_web/', '2025-02-01 13:01:29', '::1'),
(342, '/Department_web/', '2025-02-01 13:01:29', '::1'),
(343, '/Department_web/', '2025-02-01 13:01:29', '::1'),
(344, '/Department_web/', '2025-02-01 13:01:30', '::1'),
(345, '/Department_web/', '2025-02-01 13:01:30', '::1'),
(346, '/Department_web/', '2025-02-01 13:01:30', '::1'),
(347, '/Department_web/', '2025-02-01 13:01:30', '::1'),
(348, '/Department_web/', '2025-02-01 13:01:30', '::1'),
(349, '/Department_web/', '2025-02-01 13:01:30', '::1'),
(350, '/Department_web/', '2025-02-01 13:01:31', '::1'),
(351, '/Department_web/', '2025-02-01 13:01:31', '::1'),
(352, '/Department_web/', '2025-02-01 13:01:31', '::1'),
(353, '/Department_web/', '2025-02-01 13:01:31', '::1'),
(354, '/Department_web/', '2025-02-01 13:01:31', '::1'),
(355, '/Department_web/', '2025-02-01 13:01:31', '::1'),
(356, '/Department_web/', '2025-02-01 13:01:32', '::1'),
(357, '/Department_web/', '2025-02-01 13:01:32', '::1'),
(358, '/Department_web/', '2025-02-01 13:01:32', '::1'),
(359, '/Department_web/', '2025-02-01 13:01:32', '::1'),
(360, '/Department_web/', '2025-02-01 13:01:32', '::1'),
(361, '/Department_web/', '2025-02-01 13:01:32', '::1'),
(362, '/Department_web/', '2025-02-01 13:01:33', '::1'),
(363, '/Department_web/', '2025-02-01 13:01:33', '::1'),
(364, '/Department_web/', '2025-02-01 13:01:33', '::1'),
(365, '/Department_web/', '2025-02-01 13:01:33', '::1'),
(366, '/Department_web/', '2025-02-01 13:01:33', '::1'),
(367, '/Department_web/', '2025-02-01 13:01:33', '::1'),
(368, '/Department_web/', '2025-02-01 13:01:34', '::1'),
(369, '/Department_web/', '2025-02-01 13:01:34', '::1'),
(370, '/Department_web/', '2025-02-01 13:01:34', '::1'),
(371, '/Department_web/', '2025-02-01 13:01:34', '::1'),
(372, '/Department_web/', '2025-02-01 13:01:34', '::1'),
(373, '/Department_web/', '2025-02-01 13:01:35', '::1'),
(374, '/Department_web/', '2025-02-01 13:01:35', '::1'),
(375, '/Department_web/', '2025-02-01 13:01:35', '::1'),
(376, '/Department_web/', '2025-02-01 13:01:35', '::1'),
(377, '/Department_web/', '2025-02-01 13:01:35', '::1'),
(378, '/Department_web/', '2025-02-01 13:01:35', '::1'),
(379, '/Department_web/', '2025-02-01 13:01:36', '::1'),
(380, '/Department_web/', '2025-02-01 13:01:36', '::1'),
(381, '/Department_web/', '2025-02-01 13:01:36', '::1'),
(382, '/Department_web/', '2025-02-01 13:01:36', '::1'),
(383, '/Department_web/', '2025-02-01 13:01:36', '::1'),
(384, '/Department_web/', '2025-02-01 13:01:36', '::1'),
(385, '/Department_web/', '2025-02-01 13:01:37', '::1'),
(386, '/Department_web/', '2025-02-01 13:01:37', '::1'),
(387, '/Department_web/', '2025-02-01 13:01:37', '::1'),
(388, '/Department_web/', '2025-02-01 13:01:37', '::1'),
(389, '/Department_web/', '2025-02-01 13:01:37', '::1'),
(390, '/Department_web/', '2025-02-01 13:01:38', '::1'),
(391, '/Department_web/', '2025-02-01 13:01:38', '::1'),
(392, '/Department_web/', '2025-02-01 13:01:38', '::1'),
(393, '/Department_web/', '2025-02-01 13:01:38', '::1'),
(394, '/Department_web/', '2025-02-01 13:01:38', '::1'),
(395, '/Department_web/?content=log-in', '2025-02-01 13:01:52', '::1'),
(396, '/Department_web/index.php?content=admin-index&semester=AY2024-2025-1stsemester', '2025-02-01 13:01:58', '::1'),
(397, '/Department_web/index.php?content=admin-index&admin=event-management&admin_events=admin-events', '2025-02-01 13:02:31', '::1'),
(398, '/Department_web/index.php?content=logout', '2025-02-01 13:04:21', '::1'),
(399, '/Department_web/index.php?content=log-in', '2025-02-01 13:04:21', '::1'),
(400, '/Department_web/index.php', '2025-02-01 13:04:23', '::1'),
(401, '/Department_web/index.php', '2025-02-01 13:04:25', '::1'),
(402, '/Department_web/index.php', '2025-02-01 13:06:28', '::1'),
(403, '/Department_web/index.php', '2025-02-01 13:06:42', '::1'),
(404, '/Department_web/index.php', '2025-02-01 13:08:03', '::1'),
(405, '/Department_web/index.php', '2025-02-01 13:08:07', '::1'),
(406, '/Department_web/index.php', '2025-02-01 13:08:08', '::1'),
(407, '/Department_web/index.php', '2025-02-01 13:08:08', '::1'),
(408, '/Department_web/index.php', '2025-02-01 13:08:09', '::1'),
(409, '/Department_web/index.php', '2025-02-01 13:09:16', '::1'),
(410, '/Department_web/index.php', '2025-02-01 13:09:40', '::1'),
(411, '/Department_web/index.php', '2025-02-01 13:09:51', '::1'),
(412, '/Department_web/index.php', '2025-02-01 13:09:52', '::1'),
(413, '/Department_web/index.php', '2025-02-01 13:09:53', '::1'),
(414, '/Department_web/index.php', '2025-02-01 13:09:57', '::1'),
(415, '/Department_web/index.php', '2025-02-01 13:10:56', '::1'),
(416, '/Department_web/index.php', '2025-02-01 13:11:08', '::1'),
(417, '/Department_web/index.php', '2025-02-01 13:11:47', '::1'),
(418, '/Department_web/index.php', '2025-02-01 13:11:47', '::1'),
(419, '/Department_web/index.php', '2025-02-01 13:11:47', '::1'),
(420, '/Department_web/index.php', '2025-02-01 13:11:48', '::1'),
(421, '/Department_web/index.php', '2025-02-01 13:11:48', '::1'),
(422, '/Department_web/index.php?content=log-in', '2025-02-01 13:11:50', '::1'),
(423, '/Department_web/index.php', '2025-02-01 13:11:57', '::1'),
(424, '/Department_web/index.php', '2025-02-01 13:14:36', '::1'),
(425, '/Department_web/index.php', '2025-02-01 13:15:22', '::1'),
(426, '/Department_web/index.php?content=log-in', '2025-02-01 13:15:24', '::1'),
(427, '/Department_web/index.php', '2025-02-01 13:15:29', '::1'),
(428, '/Department_web/index.php', '2025-02-01 13:15:36', '::1'),
(429, '/Department_web/index.php', '2025-02-01 13:16:20', '::1'),
(430, '/Department_web/index.php?content=log-in', '2025-02-01 13:16:25', '::1'),
(431, '/Department_web/index.php', '2025-02-01 13:16:27', '::1'),
(432, '/Department_web/index.php?content=log-in', '2025-02-01 13:16:44', '::1'),
(433, '/Department_web/index.php', '2025-02-01 13:16:45', '::1'),
(434, '/Department_web/', '2025-02-01 13:17:34', '::1'),
(435, '/Department_web/index.php', '2025-02-01 13:17:56', '::1'),
(436, '/Department_web/index.php?content=log-in', '2025-02-01 13:18:02', '::1'),
(437, '/Department_web/index.php', '2025-02-01 13:18:03', '::1'),
(438, '/Department_web/index.php', '2025-02-01 13:18:27', '::1'),
(439, '/Department_web/index.php', '2025-02-01 13:18:37', '::1'),
(440, '/Department_web/index.php', '2025-02-01 13:18:50', '::1'),
(441, '/Department_web/index.php?content=log-in', '2025-02-01 13:18:58', '::1'),
(442, '/Department_web/index.php?content=admin-index&semester=AY2024-2025-1stsemester', '2025-02-01 13:19:02', '::1'),
(443, '/Department_web/index.php?content=admin-index&semester=AY2024-2025-1stsemester', '2025-02-01 13:19:44', '::1'),
(444, '/Department_web/index.php?content=logout', '2025-02-01 13:19:48', '::1'),
(445, '/Department_web/index.php?content=log-in', '2025-02-01 13:19:48', '::1'),
(446, '/Department_web/index.php', '2025-02-01 13:19:49', '::1'),
(447, '/Department_web/index.php?content=log-in', '2025-02-01 13:19:53', '::1'),
(448, '/Department_web/index.php', '2025-02-01 13:19:55', '::1'),
(449, '/Department_web/index.php?content=log-in', '2025-02-01 13:20:00', '::1'),
(450, '/Department_web/index.php?content=admin-index&semester=AY2024-2025-1stsemester', '2025-02-01 13:20:03', '::1'),
(451, '/Department_web/index.php?content=admin-index&admin=admin-management', '2025-02-01 13:20:08', '::1'),
(452, '/Department_web/index.php?content=admin-index&admin=event-management&admin_events=admin-events', '2025-02-01 13:20:10', '::1'),
(453, '/Department_web/index.php?content=logout', '2025-02-01 13:28:08', '::1'),
(454, '/Department_web/index.php?content=log-in', '2025-02-01 13:28:08', '::1'),
(455, '/Department_web/index.php', '2025-02-01 13:28:10', '::1'),
(456, '/Department_web/index.php', '2025-02-01 13:28:52', '::1'),
(457, '/Department_web/index.php', '2025-02-01 13:29:49', '::1'),
(458, '/Department_web/index.php', '2025-02-01 13:31:10', '::1'),
(459, '/Department_web/index.php', '2025-02-01 13:31:12', '::1'),
(460, '/Department_web/index.php', '2025-02-01 13:31:13', '::1'),
(461, '/Department_web/index.php', '2025-02-01 13:32:03', '::1'),
(462, '/Department_web/index.php', '2025-02-01 13:32:34', '::1'),
(463, '/Department_web/index.php', '2025-02-01 13:32:38', '::1'),
(464, '/Department_web/index.php', '2025-02-01 13:33:04', '::1'),
(465, '/Department_web/index.php?content=log-in', '2025-02-01 13:33:06', '::1'),
(466, '/Department_web/index.php?content=admin-index&semester=AY2024-2025-1stsemester', '2025-02-01 13:33:10', '::1'),
(467, '/Department_web/index.php?content=admin-index&admin=event-management&admin_events=admin-events', '2025-02-01 13:39:00', '::1'),
(468, '/Department_web/index.php?content=admin-index&admin=event-management&admin_events=admin-fees', '2025-02-01 13:39:02', '::1'),
(469, '/Department_web/index.php?content=admin-index&admin=event-management&admin_events=admin-events', '2025-02-01 13:39:03', '::1'),
(470, '/Department_web/index.php?content=admin-index&admin=event-management&admin_events=admin-events', '2025-02-01 13:41:48', '::1'),
(471, '/Department_web/index.php?content=admin-index&admin=event-management&admin_events=admin-events', '2025-02-01 13:41:58', '::1'),
(472, '/Department_web/index.php?content=admin-index&admin=event-management&admin_events=admin-events', '2025-02-01 13:41:58', '::1'),
(473, '/Department_web/index.php?content=admin-index&admin=event-management&admin_events=admin-events', '2025-02-01 13:55:19', '::1'),
(474, '/Department_web/index.php?content=admin-index&admin=event-management&admin_events=admin-events', '2025-02-01 13:55:32', '::1'),
(475, '/Department_web/index.php?content=admin-index&admin=event-management&admin_events=admin-events', '2025-02-01 13:55:33', '::1'),
(476, '/Department_web/index.php?content=admin-index&admin=event-management&admin_events=admin-events', '2025-02-01 13:55:44', '::1'),
(477, '/Department_web/index.php?content=admin-index&admin=event-management&admin_events=admin-events', '2025-02-01 13:56:04', '::1'),
(478, '/Department_web/index.php?content=admin-index&admin=event-management&admin_events=admin-events', '2025-02-01 13:56:04', '::1'),
(479, '/Department_web/index.php?content=admin-index&admin=event-management&admin_events=admin-events', '2025-02-01 13:56:08', '::1'),
(480, '/Department_web/index.php?content=admin-index&admin=event-management&admin_events=admin-events', '2025-02-01 13:56:08', '::1'),
(481, '/Department_web/index.php?content=admin-index&admin=event-management&admin_events=admin-events', '2025-02-01 13:56:34', '::1'),
(482, '/Department_web/index.php?content=admin-index&admin=event-management&admin_events=admin-events', '2025-02-01 13:56:34', '::1'),
(483, '/Department_web/index.php?content=admin-index&admin=event-management&admin_events=admin-events', '2025-02-01 13:56:36', '::1'),
(484, '/Department_web/index.php?content=admin-index&admin=event-management&admin_events=admin-events', '2025-02-01 13:56:58', '::1'),
(485, '/Department_web/index.php?content=admin-index&admin=event-management&admin_events=admin-events', '2025-02-01 13:57:09', '::1'),
(486, '/Department_web/index.php?content=admin-index&admin=event-management&admin_events=admin-events', '2025-02-01 13:57:42', '::1'),
(487, '/Department_web/index.php?content=admin-index&admin=event-management&admin_events=admin-events', '2025-02-01 13:57:48', '::1'),
(488, '/Department_web/index.php?content=admin-index&admin=event-management&admin_events=admin-events&status=success&message=Event+deleted+successfully.', '2025-02-01 13:57:48', '::1'),
(489, '/Department_web/index.php?content=admin-index&admin=event-management&admin_events=admin-events', '2025-02-01 13:57:50', '::1'),
(490, '/Department_web/index.php?content=admin-index&admin=event-management&admin_events=admin-events', '2025-02-01 13:58:02', '::1'),
(491, '/Department_web/index.php?content=admin-index&admin=event-management&admin_events=admin-events', '2025-02-01 13:58:02', '::1'),
(492, '/Department_web/index.php?content=admin-index&admin=event-management&admin_events=admin-events', '2025-02-01 13:58:26', '::1'),
(493, '/Department_web/index.php?content=admin-index&admin=event-management&admin_events=admin-events', '2025-02-01 13:58:27', '::1'),
(494, '/Department_web/index.php?content=admin-index&admin=event-management&admin_events=admin-events', '2025-02-01 13:58:33', '::1'),
(495, '/Department_web/index.php?content=admin-index&admin=event-management&admin_events=admin-events', '2025-02-01 13:58:44', '::1'),
(496, '/Department_web/index.php?content=admin-index&admin=event-management&admin_events=admin-events', '2025-02-01 13:59:27', '::1'),
(497, '/Department_web/index.php?content=admin-index&admin=event-management&admin_events=admin-events', '2025-02-01 13:59:27', '::1'),
(498, '/Department_web/index.php?content=admin-index&admin=event-management&admin_events=admin-events', '2025-02-01 13:59:30', '::1'),
(499, '/Department_web/index.php?content=admin-index&admin=event-management&admin_events=admin-events', '2025-02-01 13:59:31', '::1'),
(500, '/Department_web/index.php?content=admin-index&admin=event-management&admin_events=admin-events', '2025-02-01 13:59:39', '::1'),
(501, '/Department_web/index.php?content=admin-index&admin=event-management&admin_events=admin-events', '2025-02-01 13:59:40', '::1'),
(502, '/Department_web/index.php?content=admin-index&admin=event-management&admin_events=admin-events', '2025-02-01 13:59:49', '::1'),
(503, '/Department_web/index.php?content=admin-index&admin=event-management&admin_events=admin-events', '2025-02-01 13:59:51', '::1'),
(504, '/Department_web/index.php?content=admin-index&admin=event-management&admin_events=admin-events', '2025-02-01 13:59:54', '::1'),
(505, '/Department_web/index.php?content=admin-index&admin=event-management&admin_events=admin-events', '2025-02-01 13:59:57', '::1'),
(506, '/Department_web/index.php?content=admin-index&admin=event-management&admin_events=admin-events', '2025-02-01 14:00:02', '::1'),
(507, '/Department_web/index.php?content=admin-index&admin=event-management&admin_events=admin-events', '2025-02-01 14:00:06', '::1'),
(508, '/Department_web/index.php?content=admin-index&admin=event-management&admin_events=admin-events', '2025-02-01 14:02:14', '::1'),
(509, '/Department_web/index.php?content=admin-index&admin=event-management&admin_events=admin-events', '2025-02-01 14:02:17', '::1'),
(510, '/Department_web/index.php?content=admin-index&admin=event-management&admin_events=admin-events', '2025-02-01 14:02:24', '::1'),
(511, '/Department_web/index.php?content=admin-index&admin=event-management&admin_events=admin-events', '2025-02-01 14:03:38', '::1'),
(512, '/Department_web/index.php?content=admin-index&admin=event-management&admin_events=admin-events', '2025-02-01 14:03:42', '::1'),
(513, '/Department_web/index.php?content=admin-index&admin=event-management&admin_events=admin-events', '2025-02-01 14:03:52', '::1'),
(514, '/Department_web/index.php?content=admin-index&admin=event-management&admin_events=admin-events', '2025-02-01 14:03:52', '::1'),
(515, '/Department_web/index.php?content=admin-index&admin=event-management&admin_events=admin-events', '2025-02-01 14:03:53', '::1'),
(516, '/Department_web/index.php?content=admin-index&admin=event-management&admin_events=admin-events', '2025-02-01 14:03:53', '::1'),
(517, '/Department_web/index.php?content=admin-index&admin=event-management&admin_events=admin-events', '2025-02-01 14:05:02', '::1'),
(518, '/Department_web/index.php?content=admin-index&admin=event-management&admin_events=admin-events', '2025-02-01 14:05:02', '::1'),
(519, '/Department_web/index.php?content=admin-index&admin=event-management&admin_events=admin-events', '2025-02-01 14:05:04', '::1'),
(520, '/Department_web/index.php?content=admin-index&admin=event-management&admin_events=admin-events', '2025-02-01 14:05:07', '::1'),
(521, '/Department_web/index.php?content=admin-index&admin=event-management&admin_events=admin-events', '2025-02-01 14:06:04', '::1'),
(522, '/Department_web/index.php?content=admin-index&admin=event-management&admin_events=admin-events', '2025-02-01 14:06:04', '::1'),
(523, '/Department_web/index.php?content=admin-index&admin=event-management&admin_events=admin-events', '2025-02-01 14:06:58', '::1'),
(524, '/Department_web/index.php?content=admin-index&admin=event-management&admin_events=admin-events&status=success&message=Event+deleted+successfully.', '2025-02-01 14:06:58', '::1'),
(525, '/Department_web/index.php?content=admin-index&admin=event-management&admin_events=admin-events', '2025-02-01 14:07:00', '::1'),
(526, '/Department_web/index.php?content=admin-index&admin=event-management&admin_events=admin-events', '2025-02-01 14:07:12', '::1'),
(527, '/Department_web/index.php?content=admin-index&admin=event-management&admin_events=admin-events', '2025-02-01 14:07:12', '::1'),
(528, '/Department_web/index.php?content=admin-index&admin=event-management&admin_events=admin-events', '2025-02-01 14:07:32', '::1'),
(529, '/Department_web/index.php?content=admin-index&admin=event-management&admin_events=admin-events', '2025-02-01 14:07:32', '::1'),
(530, '/Department_web/index.php?content=admin-index&admin=event-management&admin_events=admin-events', '2025-02-01 14:08:13', '::1'),
(531, '/Department_web/index.php?content=admin-index&admin=event-management&admin_events=admin-events', '2025-02-01 14:08:13', '::1'),
(532, '/Department_web/index.php?content=admin-index&admin=event-management&admin_events=admin-events', '2025-02-01 14:08:15', '::1'),
(533, '/Department_web/index.php?content=admin-index&admin=event-management&admin_events=admin-events', '2025-02-01 14:08:55', '::1'),
(534, '/Department_web/index.php?content=admin-index&admin=event-management&admin_events=admin-events', '2025-02-01 14:08:55', '::1'),
(535, '/Department_web/index.php?content=admin-index&admin=event-management&admin_events=admin-events', '2025-02-01 14:08:58', '::1'),
(536, '/Department_web/index.php?content=admin-index&admin=event-management&admin_events=admin-events', '2025-02-01 14:09:18', '::1'),
(537, '/Department_web/index.php?content=admin-index&admin=event-management&admin_events=admin-events', '2025-02-01 14:09:24', '::1'),
(538, '/Department_web/index.php?content=admin-index&admin=event-management&admin_events=admin-events', '2025-02-01 14:09:25', '::1'),
(539, '/Department_web/index.php?content=admin-index&admin=event-management&admin_events=admin-events', '2025-02-01 14:11:51', '::1'),
(540, '/Department_web/index.php?content=admin-index&admin=event-management&admin_events=admin-events', '2025-02-01 14:11:53', '::1'),
(541, '/Department_web/index.php?content=admin-index&admin=event-management&admin_events=admin-events', '2025-02-01 14:11:59', '::1'),
(542, '/Department_web/index.php?content=admin-index&admin=event-management&admin_events=admin-events', '2025-02-01 14:12:19', '::1'),
(543, '/Department_web/index.php?content=admin-index&admin=event-management&admin_events=admin-events', '2025-02-01 14:12:19', '::1'),
(544, '/Department_web/index.php?content=admin-index&admin=event-management&admin_events=admin-events', '2025-02-01 14:12:22', '::1'),
(545, '/Department_web/index.php?content=admin-index&admin=event-management&admin_events=admin-events', '2025-02-01 14:20:09', '::1'),
(546, '/Department_web/index.php?content=admin-index&admin=event-management&admin_events=admin-events', '2025-02-01 14:20:13', '::1'),
(547, '/Department_web/index.php?content=admin-index&admin=event-management&admin_events=admin-events', '2025-02-01 14:20:53', '::1'),
(548, '/Department_web/index.php?content=admin-index&admin=event-management&admin_events=admin-events', '2025-02-01 14:21:20', '::1'),
(549, '/Department_web/index.php?content=admin-index&admin=event-management&admin_events=admin-events', '2025-02-01 14:21:46', '::1'),
(550, '/Department_web/index.php?content=admin-index&admin=event-management&admin_events=admin-events', '2025-02-01 14:23:47', '::1'),
(551, '/Department_web/index.php?content=admin-index&admin=event-management&admin_events=admin-events', '2025-02-01 14:23:47', '::1'),
(552, '/Department_web/index.php?content=admin-index&admin=event-management&admin_events=admin-events', '2025-02-01 14:33:28', '::1'),
(553, '/Department_web/index.php?content=admin-index&admin=event-management&admin_events=admin-events', '2025-02-01 14:33:34', '::1'),
(554, '/Department_web/index.php?content=admin-index&admin=event-management&admin_events=admin-events', '2025-02-01 14:34:00', '::1'),
(555, '/Department_web/index.php?content=admin-index&admin=event-management&admin_events=admin-events', '2025-02-01 14:35:45', '::1'),
(556, '/Department_web/index.php?content=admin-index&admin=event-management&admin_events=admin-events', '2025-02-01 14:35:59', '::1'),
(557, '/Department_web/index.php?content=admin-index&admin=event-management&admin_events=admin-events', '2025-02-01 14:36:45', '::1'),
(558, '/Department_web/index.php?content=admin-index&admin=event-management&admin_events=admin-events', '2025-02-01 14:37:11', '::1'),
(559, '/Department_web/index.php?content=admin-index&admin=event-management&admin_events=admin-events', '2025-02-01 14:42:47', '::1'),
(560, '/Department_web/index.php?content=admin-index&admin=event-management&admin_events=admin-events', '2025-02-01 14:43:43', '::1'),
(561, '/Department_web/index.php?content=admin-index&admin=event-management&admin_events=admin-events', '2025-02-01 14:43:48', '::1'),
(562, '/Department_web/index.php?status=success&message=Attendance+deleted+successfully.', '2025-02-01 14:43:48', '::1'),
(563, '/Department_web/index.php?content=admin-index&admin=dashboard', '2025-02-01 14:43:48', '::1'),
(564, '/Department_web/index.php?content=admin-index&admin=event-management&admin_events=admin-fees', '2025-02-01 14:44:22', '::1'),
(565, '/Department_web/index.php?content=admin-index&admin=event-management&admin_events=admin-events', '2025-02-01 14:44:24', '::1'),
(566, '/Department_web/index.php?content=admin-index&admin=event-management&admin_events=admin-events', '2025-02-01 14:44:59', '::1'),
(567, '/Department_web/index.php?content=admin-index&admin=event-management&admin_events=admin-events', '2025-02-01 14:45:05', '::1'),
(568, '/Department_web/index.php?content=admin-index&admin=event-management&admin_events=admin-events&status=success&message=Attendance+deleted+successfully.', '2025-02-01 14:45:05', '::1'),
(569, '/Department_web/index.php?content=admin-index&admin=event-management&admin_events=admin-events&status=success&message=Attendance+deleted+successfully.', '2025-02-01 14:45:11', '::1'),
(570, '/Department_web/index.php?content=admin-index&admin=event-management&admin_events=admin-events&status=success&message=Attendance+deleted+successfully.', '2025-02-01 14:45:11', '::1'),
(571, '/Department_web/index.php?content=admin-index&admin=event-management&admin_events=admin-events&status=success&message=Attendance+deleted+successfully.', '2025-02-01 14:46:12', '::1'),
(572, '/Department_web/index.php?content=admin-index&admin=attendance-management', '2025-02-01 14:46:14', '::1'),
(573, '/Department_web/index.php?content=admin-index&admin=event-management&admin_events=admin-events', '2025-02-01 14:46:20', '::1'),
(574, '/Department_web/index.php?content=admin-index&admin=event-management&admin_events=admin-events', '2025-02-01 14:46:23', '::1'),
(575, '/Department_web/index.php?content=admin-index&admin=event-management&admin_events=admin-events&status=success&message=Attendance+deleted+successfully.', '2025-02-01 14:46:23', '::1'),
(576, '/Department_web/index.php?content=admin-index&admin=attendance-management', '2025-02-01 14:46:31', '::1'),
(577, '/Department_web/index.php?content=admin-index&admin=event-management&admin_events=admin-events', '2025-02-01 14:47:20', '::1'),
(578, '/Department_web/index.php?content=admin-index&admin=event-management&admin_events=admin-events', '2025-02-01 14:47:26', '::1'),
(579, '/Department_web/index.php?content=admin-index&admin=event-management&admin_events=admin-events&status=success&message=Attendance+deleted+successfully.', '2025-02-01 14:47:26', '::1'),
(580, '/Department_web/index.php?content=admin-index&admin=attendance-management', '2025-02-01 14:47:28', '::1'),
(581, '/Department_web/index.php?content=admin-index&admin=event-management&admin_events=admin-events', '2025-02-01 14:48:37', '::1'),
(582, '/Department_web/index.php?content=admin-index&admin=event-management&admin_events=admin-events', '2025-02-01 14:48:48', '::1'),
(583, '/Department_web/index.php?content=admin-index&admin=event-management&admin_events=admin-events', '2025-02-01 14:48:48', '::1'),
(584, '/Department_web/index.php?content=admin-index&admin=event-management&admin_events=admin-events', '2025-02-01 14:48:55', '::1'),
(585, '/Department_web/index.php?content=admin-index&admin=event-management&admin_events=admin-events&status=success&message=Attendance+deleted+successfully.', '2025-02-01 14:48:55', '::1'),
(586, '/Department_web/index.php?content=admin-index&admin=attendance-management', '2025-02-01 14:49:07', '::1'),
(587, '/Department_web/index.php?content=admin-index&admin=event-management&admin_events=admin-events', '2025-02-01 14:49:31', '::1'),
(588, '/Department_web/index.php?content=admin-index&admin=event-management&admin_events=admin-events', '2025-02-01 14:49:47', '::1'),
(589, '/Department_web/index.php?content=admin-index&admin=event-management&admin_events=admin-events', '2025-02-01 14:49:59', '::1'),
(590, '/Department_web/index.php?content=admin-index&admin=event-management&admin_events=admin-events', '2025-02-01 14:49:59', '::1'),
(591, '/Department_web/index.php?content=admin-index&admin=event-management&admin_events=admin-events', '2025-02-01 14:52:58', '::1'),
(592, '/Department_web/index.php?content=admin-index&admin=event-management&admin_events=admin-events&status=success&message=Attendance+deleted+successfully.', '2025-02-01 14:52:58', '::1'),
(593, '/Department_web/index.php?content=admin-index&admin=event-management&admin_events=admin-events', '2025-02-01 14:52:59', '::1'),
(594, '/Department_web/index.php?content=admin-index&admin=event-management&admin_events=admin-events', '2025-02-01 14:53:38', '::1'),
(595, '/Department_web/index.php?content=admin-index&admin=event-management&admin_events=admin-events', '2025-02-01 14:53:44', '::1'),
(596, '/Department_web/index.php?content=admin-index&admin=event-management&admin_events=admin-events', '2025-02-01 14:53:50', '::1'),
(597, '/Department_web/index.php?content=admin-index&admin=event-management&admin_events=admin-events', '2025-02-01 14:53:50', '::1'),
(598, '/Department_web/index.php?content=admin-index&admin=event-management&admin_events=admin-events', '2025-02-01 14:53:51', '::1'),
(599, '/Department_web/index.php?content=admin-index&admin=event-management&admin_events=admin-events', '2025-02-01 14:53:56', '::1'),
(600, '/Department_web/index.php?content=admin-index&admin=event-management&admin_events=admin-events', '2025-02-01 14:53:56', '::1'),
(601, '/Department_web/index.php?content=admin-index&admin=event-management&admin_events=admin-events', '2025-02-01 14:54:10', '::1'),
(602, '/Department_web/index.php?content=admin-index&admin=event-management&admin_events=admin-events', '2025-02-01 14:54:10', '::1'),
(603, '/Department_web/index.php?content=admin-index&admin=event-management&admin_events=admin-events', '2025-02-01 15:38:42', '::1'),
(604, '/Department_web/index.php?content=admin-index&admin=admin-management', '2025-02-01 15:41:58', '::1'),
(605, '/Department_web/index.php?content=admin-index&admin=admin-management', '2025-02-01 15:55:19', '::1'),
(606, '/Department_web/index.php?content=admin-index&admin=event-management&admin_events=admin-events', '2025-02-01 15:55:29', '::1'),
(607, '/Department_web/index.php?content=admin-index&admin=event-management&admin_events=admin-events', '2025-02-01 15:58:02', '::1'),
(608, '/Department_web/index.php?content=admin-index&admin=event-management&admin_events=admin-events', '2025-02-01 15:58:31', '::1'),
(609, '/Department_web/index.php?content=admin-index&admin=event-management&admin_events=admin-events', '2025-02-01 15:58:33', '::1'),
(610, '/Department_web/index.php?content=admin-index&admin=event-management&admin_events=admin-events', '2025-02-01 15:58:42', '::1'),
(611, '/Department_web/index.php?content=admin-index&admin=event-management&admin_events=admin-events', '2025-02-01 16:00:21', '::1'),
(612, '/Department_web/index.php?content=admin-index&admin=event-management&admin_events=admin-events', '2025-02-01 16:00:46', '::1'),
(613, '/Department_web/index.php?content=admin-index&admin=event-management&admin_events=admin-events', '2025-02-01 16:00:47', '::1'),
(614, '/Department_web/index.php?content=admin-index&admin=event-management&admin_events=admin-events', '2025-02-01 16:05:08', '::1'),
(615, '/Department_web/index.php?content=admin-index&admin=event-management&admin_events=admin-events', '2025-02-01 16:05:31', '::1'),
(616, '/Department_web/index.php?content=admin-index&admin=event-management&admin_events=admin-events', '2025-02-01 16:05:31', '::1'),
(617, '/Department_web/index.php?content=admin-index&admin=event-management&admin_events=admin-events', '2025-02-01 16:05:33', '::1'),
(618, '/Department_web/index.php?content=admin-index&admin=event-management&admin_events=admin-events', '2025-02-01 16:29:44', '::1'),
(619, '/Department_web/index.php?content=admin-index&admin=event-management&admin_events=admin-events', '2025-02-01 16:29:44', '::1'),
(620, '/Department_web/index.php?content=admin-index&admin=event-management&admin_events=admin-events', '2025-02-01 16:50:06', '::1'),
(621, '/Department_web/', '2025-02-01 16:50:16', '::1'),
(622, '/Department_web/index.php?content=admin-index&admin=dashboard', '2025-02-01 16:50:16', '::1'),
(623, '/Department_web/index.php?content=admin-index&admin=event-management&admin_events=admin-events', '2025-02-01 16:50:33', '::1'),
(624, '/Department_web/index.php?content=admin-index&admin=event-management&admin_events=admin-events', '2025-02-01 16:50:33', '::1'),
(625, '/Department_web/index.php?content=admin-index&admin=event-management&admin_events=admin-events', '2025-02-01 16:50:51', '::1'),
(626, '/Department_web/index.php?content=admin-index&admin=event-management&admin_events=admin-events', '2025-02-01 16:51:04', '::1'),
(627, '/Department_web/index.php?content=admin-index&admin=event-management&admin_events=admin-events', '2025-02-01 16:52:33', '::1'),
(628, '/Department_web/index.php?content=admin-index&admin=event-management&admin_events=admin-events', '2025-02-01 16:52:53', '::1'),
(629, '/Department_web/index.php?content=admin-index&admin=event-management&admin_events=admin-events&status=success&message=Attendance+deleted+successfully.', '2025-02-01 16:52:53', '::1'),
(630, '/Department_web/index.php?content=admin-index&admin=event-management&admin_events=admin-events', '2025-02-01 16:52:54', '::1'),
(631, '/Department_web/index.php?content=admin-index&admin=event-management&admin_events=admin-events', '2025-02-01 16:58:13', '::1'),
(632, '/Department_web/index.php?content=admin-index&admin=event-management&admin_events=admin-events', '2025-02-01 17:00:00', '::1'),
(633, '/Department_web/index.php?content=admin-index&admin=event-management&admin_events=admin-events', '2025-02-01 17:00:35', '::1'),
(634, '/Department_web/index.php?content=admin-index&admin=event-management&admin_events=admin-events', '2025-02-01 17:03:41', '::1'),
(635, '/Department_web/index.php?content=admin-index&admin=event-management&admin_events=admin-events', '2025-02-01 17:03:57', '::1'),
(636, '/Department_web/index.php?content=admin-index&admin=event-management&admin_events=admin-events', '2025-02-01 17:03:58', '::1'),
(637, '/Department_web/index.php?content=admin-index&admin=event-management&admin_events=admin-events', '2025-02-01 17:03:59', '::1'),
(638, '/Department_web/index.php?content=admin-index&admin=event-management&admin_events=admin-events', '2025-02-01 17:04:04', '::1'),
(639, '/Department_web/index.php?content=admin-index&admin=event-management&admin_events=admin-events', '2025-02-01 17:04:08', '::1'),
(640, '/Department_web/index.php?content=admin-index&admin=event-management&admin_events=admin-events', '2025-02-01 17:04:08', '::1'),
(641, '/Department_web/index.php?content=admin-index&admin=event-management&admin_events=admin-events', '2025-02-01 17:07:45', '::1'),
(642, '/Department_web/index.php?content=admin-index&admin=event-management&admin_events=admin-events', '2025-02-01 17:07:49', '::1'),
(643, '/Department_web/index.php?content=admin-index&admin=event-management&admin_events=admin-events&status=success&message=Event+deleted+successfully.', '2025-02-01 17:07:49', '::1'),
(644, '/Department_web/index.php?content=admin-index&admin=event-management&admin_events=admin-events', '2025-02-01 17:07:51', '::1'),
(645, '/Department_web/index.php?content=admin-index&admin=event-management&admin_events=admin-events', '2025-02-01 17:08:46', '::1'),
(646, '/Department_web/index.php?content=admin-index&admin=event-management&admin_events=admin-events', '2025-02-01 17:11:19', '::1'),
(647, '/Department_web/index.php?content=admin-index&admin=event-management&admin_events=admin-events', '2025-02-01 17:11:39', '::1'),
(648, '/Department_web/index.php?content=admin-index&admin=event-management&admin_events=admin-events', '2025-02-01 17:13:31', '::1'),
(649, '/Department_web/index.php?content=admin-index&admin=event-management&admin_events=admin-events', '2025-02-01 17:13:45', '::1'),
(650, '/Department_web/index.php?content=admin-index&admin=event-management&admin_events=admin-events', '2025-02-01 17:13:46', '::1'),
(651, '/Department_web/index.php?content=admin-index&admin=event-management&admin_events=admin-events', '2025-02-01 17:14:19', '::1'),
(652, '/Department_web/index.php?content=admin-index&admin=event-management&admin_events=admin-events', '2025-02-01 17:14:33', '::1'),
(653, '/Department_web/index.php?content=admin-index&admin=event-management&admin_events=admin-events', '2025-02-01 17:15:02', '::1'),
(654, '/Department_web/index.php?content=admin-index&admin=event-management&admin_events=admin-events', '2025-02-01 17:15:04', '::1'),
(655, '/Department_web/index.php?content=admin-index&admin=event-management&admin_events=admin-events', '2025-02-01 17:16:33', '::1'),
(656, '/Department_web/index.php?content=admin-index&admin=event-management&admin_events=admin-events', '2025-02-01 17:18:04', '::1'),
(657, '/Department_web/index.php?content=admin-index&admin=event-management&admin_events=admin-events', '2025-02-01 17:18:24', '::1'),
(658, '/Department_web/index.php?content=admin-index&admin=event-management&admin_events=admin-events', '2025-02-01 17:20:18', '::1'),
(659, '/Department_web/index.php?content=admin-index&admin=event-management&admin_events=admin-events', '2025-02-01 17:20:58', '::1'),
(660, '/Department_web/index.php?content=admin-index&admin=event-management&admin_events=admin-events', '2025-02-01 17:22:04', '::1'),
(661, '/Department_web/index.php?content=admin-index&admin=event-management&admin_events=admin-events', '2025-02-01 17:22:15', '::1'),
(662, '/Department_web/index.php?content=admin-index&admin=event-management&admin_events=admin-events', '2025-02-01 17:24:26', '::1'),
(663, '/Department_web/index.php?content=admin-index&admin=event-management&admin_events=admin-events', '2025-02-01 17:24:54', '::1');
INSERT INTO `page_visits` (`id`, `page_url`, `visit_time`, `visitor_ip`) VALUES
(664, '/Department_web/index.php?content=admin-index&admin=event-management&admin_events=admin-events', '2025-02-01 17:25:08', '::1'),
(665, '/Department_web/index.php?content=admin-index&admin=event-management&admin_events=admin-events', '2025-02-01 17:27:31', '::1'),
(666, '/Department_web/index.php?content=admin-index&admin=event-management&admin_events=admin-events', '2025-02-01 17:27:39', '::1'),
(667, '/Department_web/index.php?content=admin-index&admin=event-management&admin_events=admin-events', '2025-02-01 17:27:39', '::1'),
(668, '/Department_web/index.php?content=admin-index&admin=event-management&admin_events=admin-events', '2025-02-01 17:27:39', '::1'),
(669, '/Department_web/index.php?content=admin-index&admin=event-management&admin_events=admin-events', '2025-02-01 17:27:39', '::1'),
(670, '/Department_web/index.php?content=admin-index&admin=event-management&admin_events=admin-events', '2025-02-01 17:29:08', '::1'),
(671, '/Department_web/index.php?content=admin-index&admin=event-management&admin_events=admin-events', '2025-02-01 17:29:21', '::1'),
(672, '/Department_web/index.php?content=admin-index&admin=event-management&admin_events=admin-events', '2025-02-01 17:29:24', '::1'),
(673, '/Department_web/index.php?content=admin-index&admin=event-management&admin_events=admin-events', '2025-02-01 17:31:54', '::1'),
(674, '/Department_web/index.php?content=admin-index&admin=event-management&admin_events=admin-events', '2025-02-01 17:32:56', '::1'),
(675, '/Department_web/index.php?content=admin-index&admin=event-management&admin_events=admin-events', '2025-02-01 17:33:45', '::1'),
(676, '/Department_web/index.php?content=admin-index&admin=event-management&admin_events=admin-events', '2025-02-01 17:33:58', '::1'),
(677, '/Department_web/index.php?content=admin-index&admin=event-management&admin_events=admin-events', '2025-02-01 17:34:15', '::1'),
(678, '/Department_web/index.php?content=admin-index&admin=event-management&admin_events=admin-events', '2025-02-01 17:35:09', '::1'),
(679, '/Department_web/index.php?content=admin-index&admin=event-management&admin_events=admin-events', '2025-02-01 17:35:18', '::1'),
(680, '/Department_web/index.php?content=admin-index&admin=event-management&admin_events=admin-events', '2025-02-01 17:37:26', '::1'),
(681, '/Department_web/index.php?content=admin-index&admin=event-management&admin_events=admin-events', '2025-02-01 17:38:00', '::1'),
(682, '/Department_web/index.php?content=admin-index&admin=event-management&admin_events=admin-events', '2025-02-01 17:40:29', '::1'),
(683, '/Department_web/index.php?content=admin-index&admin=event-management&admin_events=admin-events', '2025-02-01 17:41:06', '::1'),
(684, '/Department_web/index.php?content=admin-index&admin=event-management&admin_events=admin-events', '2025-02-01 17:42:42', '::1'),
(685, '/Department_web/index.php?content=admin-index&admin=event-management&admin_events=admin-events', '2025-02-01 17:42:43', '::1'),
(686, '/Department_web/index.php?content=admin-index&admin=event-management&admin_events=admin-events', '2025-02-01 17:42:43', '::1'),
(687, '/Department_web/index.php?content=admin-index&admin=event-management&admin_events=admin-events', '2025-02-01 17:42:57', '::1'),
(688, '/Department_web/index.php?content=admin-index&admin=event-management&admin_events=admin-events', '2025-02-01 17:43:01', '::1'),
(689, '/Department_web/index.php?content=admin-index&admin=event-management&admin_events=admin-events', '2025-02-01 17:43:34', '::1'),
(690, '/Department_web/index.php?content=admin-index&admin=event-management&admin_events=admin-events', '2025-02-01 17:43:35', '::1'),
(691, '/Department_web/index.php?content=admin-index&admin=event-management&admin_events=admin-events', '2025-02-01 17:44:18', '::1'),
(692, '/Department_web/index.php?content=admin-index&admin=event-management&admin_events=admin-events', '2025-02-01 17:44:30', '::1'),
(693, '/Department_web/index.php?content=admin-index&admin=event-management&admin_events=admin-events', '2025-02-01 17:44:34', '::1'),
(694, '/Department_web/index.php?content=admin-index&admin=event-management&admin_events=admin-events', '2025-02-01 17:44:43', '::1'),
(695, '/Department_web/index.php?content=admin-index&admin=event-management&admin_events=admin-events', '2025-02-01 17:44:53', '::1'),
(696, '/Department_web/index.php?content=admin-index&admin=event-management&admin_events=admin-events', '2025-02-01 17:44:53', '::1'),
(697, '/Department_web/index.php?content=admin-index&admin=event-management&admin_events=admin-events', '2025-02-01 17:45:15', '::1'),
(698, '/Department_web/index.php?content=admin-index&admin=event-management&admin_events=admin-events', '2025-02-01 17:45:15', '::1'),
(699, '/Department_web/index.php?content=admin-index&admin=event-management&admin_events=admin-events', '2025-02-01 17:46:49', '::1'),
(700, '/Department_web/', '2025-02-01 17:47:06', '::1'),
(701, '/Department_web/index.php?content=admin-index&admin=dashboard', '2025-02-01 17:47:06', '::1'),
(702, '/Department_web/index.php?content=admin-index&admin=event-management&admin_events=admin-events', '2025-02-01 17:48:03', '::1'),
(703, '/Department_web/index.php?content=admin-index&admin=event-management&admin_events=admin-events', '2025-02-01 17:48:30', '::1'),
(704, '/Department_web/index.php?content=admin-index&admin=event-management&admin_events=admin-events', '2025-02-01 17:49:34', '::1'),
(705, '/Department_web/index.php?content=admin-index&admin=event-management&admin_events=admin-events', '2025-02-01 17:50:37', '::1'),
(706, '/Department_web/index.php?content=admin-index&admin=event-management&admin_events=admin-events', '2025-02-01 17:54:21', '::1'),
(707, '/Department_web/index.php?content=admin-index&admin=event-management&admin_events=admin-events', '2025-02-01 17:55:37', '::1'),
(708, '/Department_web/index.php?content=admin-index&admin=event-management&admin_events=admin-events', '2025-02-01 17:55:38', '::1'),
(709, '/Department_web/index.php?content=admin-index&admin=event-management&admin_events=admin-events', '2025-02-01 17:55:38', '::1'),
(710, '/Department_web/index.php?content=admin-index&admin=event-management&admin_events=admin-events', '2025-02-01 17:56:33', '::1'),
(711, '/Department_web/index.php?id_attendance=&add_minutes=60', '2025-02-01 17:56:40', '::1'),
(712, '/Department_web/index.php?content=admin-index&admin=dashboard', '2025-02-01 17:56:40', '::1'),
(713, '/Department_web/index.php?content=admin-index&admin=dashboard&semester=AY2024-2025-1stsemester', '2025-02-01 17:56:41', '::1'),
(714, '/Department_web/index.php?content=admin-index&admin=event-management&admin_events=admin-events', '2025-02-01 17:56:47', '::1'),
(715, '/Department_web/index.php?id_attendance=&add_minutes=60', '2025-02-01 17:56:54', '::1'),
(716, '/Department_web/index.php?content=admin-index&admin=dashboard', '2025-02-01 17:56:54', '::1'),
(717, '/Department_web/index.php?content=admin-index&admin=event-management&admin_events=admin-fees', '2025-02-01 17:56:57', '::1'),
(718, '/Department_web/index.php?content=admin-index&admin=event-management&admin_events=admin-events', '2025-02-01 17:56:59', '::1'),
(719, '/Department_web/index.php?content=admin-index&admin=event-management&admin_events=admin-events', '2025-02-01 17:57:22', '::1'),
(720, '/Department_web/index.php?content=admin-index&admin=event-management&admin_events=admin-events', '2025-02-01 17:58:03', '::1'),
(721, '/Department_web/index.php?content=admin-index&admin=event-management&admin_events=admin-events', '2025-02-01 17:58:22', '::1'),
(722, '/Department_web/index.php?content=admin-index&admin=event-management&admin_events=admin-events', '2025-02-01 17:59:11', '::1'),
(723, '/Department_web/index.php?content=admin-index&admin=event-management&admin_events=admin-events', '2025-02-01 18:00:16', '::1'),
(724, '/Department_web/index.php?content=admin-index&admin=event-management&admin_events=admin-events', '2025-02-01 18:01:24', '::1'),
(725, '/Department_web/index.php?content=admin-index&admin=event-management&admin_events=admin-events', '2025-02-01 18:01:51', '::1'),
(726, '/Department_web/index.php?content=admin-index&admin=event-management&admin_events=admin-events', '2025-02-01 18:03:43', '::1'),
(727, '/Department_web/index.php?content=admin-index&admin=event-management&admin_events=admin-events', '2025-02-01 18:10:07', '::1'),
(728, '/Department_web/index.php?content=admin-index&admin=event-management&admin_events=admin-events', '2025-02-01 18:10:07', '::1'),
(729, '/Department_web/index.php?content=admin-index&admin=event-management&admin_events=admin-events', '2025-02-01 18:10:22', '::1'),
(730, '/Department_web/index.php?content=admin-index&admin=event-management&admin_events=admin-events', '2025-02-01 18:10:23', '::1'),
(731, '/Department_web/index.php?content=admin-index&admin=event-management&admin_events=admin-events', '2025-02-01 18:10:23', '::1'),
(732, '/Department_web/index.php?content=admin-index&admin=event-management&admin_events=admin-events', '2025-02-01 18:11:35', '::1'),
(733, '/Department_web/index.php?content=admin-index&admin=event-management&admin_events=admin-events', '2025-02-01 18:12:17', '::1'),
(734, '/Department_web/index.php?content=admin-index&admin=event-management&admin_events=admin-events', '2025-02-01 18:12:25', '::1'),
(735, '/Department_web/index.php?content=admin-index&admin=event-management&admin_events=admin-events', '2025-02-01 18:12:37', '::1'),
(736, '/Department_web/index.php?content=admin-index&admin=event-management&admin_events=admin-events', '2025-02-01 18:13:12', '::1'),
(737, '/Department_web/index.php?content=admin-index&admin=event-management&admin_events=admin-events', '2025-02-01 18:13:21', '::1'),
(738, '/Department_web/', '2025-02-02 00:02:22', '::1'),
(739, '/Department_web/?content=log-in', '2025-02-02 00:02:25', '::1'),
(740, '/Department_web/index.php?content=admin-index&semester=AY2024-2025-1stsemester', '2025-02-02 00:02:29', '::1'),
(741, '/Department_web/index.php?content=admin-index&admin=dashboard&semester=AY2024-2025-1stsemester', '2025-02-02 00:02:30', '::1'),
(742, '/Department_web/index.php?content=admin-index&admin=event-management&admin_events=admin-events', '2025-02-02 00:02:32', '::1'),
(743, '/Department_web/index.php?content=admin-index&admin=event-management&admin_events=admin-events', '2025-02-02 00:03:27', '::1'),
(744, '/Department_web/index.php?content=admin-index&admin=event-management&admin_events=admin-events', '2025-02-02 00:03:36', '::1'),
(745, '/Department_web/index.php?content=admin-index&admin=dashboard', '2025-02-02 00:04:01', '::1'),
(746, '/Department_web/index.php?content=admin-index&admin=student%20management', '2025-02-02 00:04:03', '::1'),
(747, '/Department_web/index.php?content=admin-index&admin=event-management&admin_events=admin-events', '2025-02-02 00:04:05', '::1'),
(748, '/Department_web/index.php?content=admin-index&admin=event-management&admin_events=admin-fees', '2025-02-02 00:04:07', '::1'),
(749, '/Department_web/index.php?content=admin-index&admin=ay-dashboard', '2025-02-02 00:04:09', '::1'),
(750, '/Department_web/index.php?content=admin-index&admin=dashboard', '2025-02-02 00:04:10', '::1'),
(751, '/Department_web/index.php?content=admin-index&admin=student%20management', '2025-02-02 00:04:12', '::1'),
(752, '/Department_web/index.php?content=admin-index&admin=admin-management', '2025-02-02 00:04:14', '::1'),
(753, '/Department_web/index.php?content=admin-index&admin=event-management&admin_events=admin-events', '2025-02-02 00:04:17', '::1'),
(754, '/Department_web/', '2025-02-02 00:06:01', '::1'),
(755, '/Department_web/', '2025-02-03 00:59:03', '::1'),
(756, '/Department_web/?content=log-in', '2025-02-03 00:59:04', '::1'),
(757, '/Department_web/index.php?content=admin-index&semester=AY2024-2025-1stsemester', '2025-02-03 00:59:08', '::1'),
(758, '/Department_web/index.php?content=admin-index&admin=dashboard&semester=AY2024-2025-1stsemester', '2025-02-03 00:59:10', '::1'),
(759, '/Department_web/index.php?content=admin-index&admin=ay-dashboard', '2025-02-03 00:59:13', '::1'),
(760, '/Department_web/index.php?content=admin-index&admin=ay-dashboard', '2025-02-03 00:59:20', '::1'),
(761, '/Department_web/index.php?content=admin-index&admin=ay-dashboard', '2025-02-03 00:59:20', '::1'),
(762, '/Department_web/index.php?content=admin-index&admin=dashboard', '2025-02-03 00:59:21', '::1'),
(763, '/Department_web/index.php?content=admin-index&admin=dashboard&semester=AY2024-2025-1stsemester', '2025-02-03 00:59:24', '::1'),
(764, '/Department_web/index.php?content=admin-index&admin=ay-dashboard', '2025-02-03 00:59:26', '::1'),
(765, '/Department_web/index.php?content=admin-index&admin=event-management&admin_events=admin-events', '2025-02-03 00:59:28', '::1'),
(766, '/Department_web/index.php?content=admin-index&admin=event-management&admin_events=admin-fees', '2025-02-03 00:59:31', '::1'),
(767, '/Department_web/index.php?content=admin-index&admin=admin-management', '2025-02-03 00:59:32', '::1'),
(768, '/Department_web/index.php?content=admin-index&admin=dashboard', '2025-02-03 00:59:35', '::1'),
(769, '/Department_web/index.php?content=admin-index&admin=student%20management', '2025-02-03 00:59:36', '::1'),
(770, '/Department_web/index.php?content=admin-index&admin=admin-management', '2025-02-03 00:59:38', '::1'),
(771, '/Department_web/index.php?content=admin-index&admin=event-management&admin_events=admin-events', '2025-02-03 00:59:40', '::1'),
(772, '/Department_web/index.php?content=admin-index&admin=event-management&admin_events=admin-events', '2025-02-03 01:00:19', '::1'),
(773, '/Department_web/', '2025-02-03 01:40:21', '::1'),
(774, '/Department_web/?content=log-in', '2025-02-03 01:40:28', '::1'),
(775, '/Department_web/index.php?content=admin-index&semester=AY2024-2025-1stsemester', '2025-02-03 01:40:32', '::1'),
(776, '/Department_web/index.php?content=admin-index&admin=dashboard&semester=AY2024-2025-1stsemester', '2025-02-03 01:40:32', '::1'),
(777, '/Department_web/index.php?content=admin-index&admin=ay-dashboard', '2025-02-03 01:40:33', '::1'),
(778, '/Department_web/index.php?content=admin-index&admin=event-management&admin_events=admin-events', '2025-02-03 01:40:34', '::1'),
(779, '/Department_web/', '2025-02-03 01:43:55', '::1'),
(780, '/Department_web/index.php?content=admin-index&admin=dashboard', '2025-02-03 01:43:55', '::1'),
(781, '/Department_web/', '2025-02-03 06:24:56', '::1'),
(782, '/Department_web/?content=log-in', '2025-02-03 06:24:59', '::1'),
(783, '/Department_web/index.php?content=admin-index&semester=AY2024-2025-1stsemester', '2025-02-03 06:25:03', '::1'),
(784, '/Department_web/index.php?content=admin-index&admin=event-management&admin_events=admin-events', '2025-02-03 06:25:07', '::1'),
(785, '/Department_web/index.php?content=admin-index&admin=student%20management', '2025-02-03 06:25:16', '::1'),
(786, '/Department_web/index.php?content=admin-index&admin=dashboard&semester=AY2024-2025-1stsemester', '2025-02-03 06:25:17', '::1'),
(787, '/Department_web/index.php?content=admin-index&admin=student%20management', '2025-02-03 06:25:19', '::1'),
(788, '/Department_web/index.php?content=admin-index&admin=student%20management', '2025-02-03 06:25:21', '::1'),
(789, '/Department_web/index.php?content=admin-index&admin=student%20management', '2025-02-03 06:25:23', '::1'),
(790, '/Department_web/', '2025-02-05 17:21:21', '::1'),
(791, '/Department_web/?content=log-in', '2025-02-05 17:21:24', '::1'),
(792, '/Department_web/index.php?content=admin-index&semester=AY2024-2025-1stsemester', '2025-02-05 17:22:16', '::1'),
(793, '/Department_web/index.php?content=admin-index&semester=AY2024-2025-1stsemester', '2025-02-05 17:22:32', '::1'),
(794, '/Department_web/index.php?content=admin-index&semester=AY2024-2025-1stsemester', '2025-02-05 17:22:40', '::1'),
(795, '/Department_web/index.php?content=admin-index&semester=AY2024-2025-1stsemester', '2025-02-05 17:22:41', '::1'),
(796, '/Department_web/index.php?content=admin-index&semester=AY2024-2025-1stsemester', '2025-02-05 17:23:11', '::1'),
(797, '/Department_web/index.php?content=admin-index&admin=dashboard&semester=AY2024-2025-1stsemester', '2025-02-05 17:23:12', '::1'),
(798, '/Department_web/', '2025-02-05 17:23:32', '::1'),
(799, '/Department_web/index.php?content=admin-index&admin=dashboard', '2025-02-05 17:23:32', '::1');

-- --------------------------------------------------------

--
-- Table structure for table `payments`
--

DROP TABLE IF EXISTS `payments`;
CREATE TABLE IF NOT EXISTS `payments` (
  `id_payment` int NOT NULL AUTO_INCREMENT,
  `semester_ID` varchar(99) COLLATE utf8mb4_general_ci NOT NULL,
  `payment_name` varchar(255) COLLATE utf8mb4_general_ci NOT NULL,
  `payment_amount` decimal(10,2) NOT NULL,
  `date_payment` timestamp NULL DEFAULT CURRENT_TIMESTAMP,
  PRIMARY KEY (`id_payment`)
) ENGINE=MyISAM AUTO_INCREMENT=121 DEFAULT CHARSET=utf8mb4 COLLATE=utf8mb4_general_ci;

--
-- Dumping data for table `payments`
--

INSERT INTO `payments` (`id_payment`, `semester_ID`, `payment_name`, `payment_amount`, `date_payment`) VALUES
(118, 'AY2023-2024-1stsemester', 'Departmental T-shirt', 450.00, '2025-01-18 05:35:49');

-- --------------------------------------------------------

--
-- Table structure for table `semester`
--

DROP TABLE IF EXISTS `semester`;
CREATE TABLE IF NOT EXISTS `semester` (
  `semester_ID` varchar(100) COLLATE utf8mb4_unicode_ci NOT NULL,
  `academic_year` varchar(100) COLLATE utf8mb4_unicode_ci NOT NULL,
  `semester_type` varchar(100) COLLATE utf8mb4_unicode_ci NOT NULL,
  `date_created` datetime NOT NULL,
  PRIMARY KEY (`semester_ID`)
) ENGINE=InnoDB DEFAULT CHARSET=utf8mb4 COLLATE=utf8mb4_unicode_ci;

--
-- Dumping data for table `semester`
--

INSERT INTO `semester` (`semester_ID`, `academic_year`, `semester_type`, `date_created`) VALUES
('AY2024-2025-1stsemester', '2024-2025', '1st Semester', '0000-00-00 00:00:00'),
('AY2025-2026-1stsemester', '2025-2026', '1st Semester', '0000-00-00 00:00:00');

-- --------------------------------------------------------

--
-- Table structure for table `student`
--

DROP TABLE IF EXISTS `student`;
CREATE TABLE IF NOT EXISTS `student` (
  `id_student` varchar(99) COLLATE utf8mb4_general_ci NOT NULL,
  `semester_ID` varchar(99) COLLATE utf8mb4_general_ci NOT NULL,
  `pass_student` varchar(99) COLLATE utf8mb4_general_ci NOT NULL,
  `lastname_student` varchar(99) COLLATE utf8mb4_general_ci NOT NULL,
  `firstname_student` varchar(99) COLLATE utf8mb4_general_ci NOT NULL,
  `role_student` varchar(99) COLLATE utf8mb4_general_ci NOT NULL,
  `year_student` int NOT NULL,
  UNIQUE KEY `id_student` (`id_student`,`semester_ID`)
) ENGINE=MyISAM DEFAULT CHARSET=utf8mb4 COLLATE=utf8mb4_general_ci;

--
-- Dumping data for table `student`
--

INSERT INTO `student` (`id_student`, `semester_ID`, `pass_student`, `lastname_student`, `firstname_student`, `role_student`, `year_student`) VALUES
('48099001', 'AY2024-2025-1stsemester', '78901', 'Taylor', 'Sarah', 'Student', 4),
('47088990', 'AY2024-2025-1stsemester', '67890', 'Brown', 'Michael', 'Student', 3),
('46077899', 'AY2024-2025-1stsemester', '56789', 'Johnson', 'Emily', 'Student', 2),
('45066788', 'AY2024-2025-1stsemester', '45678', 'Smith', 'John', 'Student', 1),
('44055677', 'AY2024-2025-1stsemester', '34567', 'Orais', 'Harrish', 'Student', 4),
('43044566', 'AY2024-2025-1stsemester', '23456', 'Taylor', 'Sarah', 'Student', 3),
('42033455', 'AY2024-2025-1stsemester', '12345', 'Brown', 'Michael', 'Student', 2),
('41022344', 'AY2024-2025-1stsemester', '90123', 'Johnson', 'Emily', 'Student', 1),
('40011233', 'AY2024-2025-1stsemester', '89012', 'Smith', 'John', 'Student', 4),
('39001122', 'AY2024-2025-1stsemester', '78901', 'Orais', 'Harrish', 'Student', 3),
('38099001', 'AY2024-2025-1stsemester', '67890', 'Taylor', 'Sarah', 'Student', 2),
('37088990', 'AY2024-2025-1stsemester', '56789', 'Brown', 'Michael', 'Student', 1),
('36077899', 'AY2024-2025-1stsemester', '45678', 'Johnson', 'Emily', 'Student', 4),
('35066788', 'AY2024-2025-1stsemester', '34567', 'Smith', 'John', 'Student', 3),
('34055677', 'AY2024-2025-1stsemester', '23456', 'Orais', 'Harrish', 'Student', 2),
('33044566', 'AY2024-2025-1stsemester', '12345', 'Taylor', 'Sarah', 'Student', 1),
('32033455', 'AY2024-2025-1stsemester', '90123', 'Brown', 'Michael', 'Student', 4),
('31022344', 'AY2024-2025-1stsemester', '89012', 'Johnson', 'Emily', 'Student', 3),
('30011233', 'AY2024-2025-1stsemester', '78901', 'Smith', 'John', 'Student', 2),
('29001122', 'AY2024-2025-1stsemester', '67890', 'Orais', 'Harrish', 'Student', 1),
('28099001', 'AY2024-2025-1stsemester', '56789', 'Taylor', 'Sarah', 'Student', 4),
('18099001', 'AY2024-2025-1stsemester', '45678', 'Taylor', 'Sarah', 'Student', 2),
('19001122', 'AY2024-2025-1stsemester', '56789', 'Orais', 'Harrish', 'Student', 3),
('20011233', 'AY2024-2025-1stsemester', '67890', 'Smith', 'John', 'Student', 4),
('21022344', 'AY2024-2025-1stsemester', '78901', 'Johnson', 'Emily', 'Student', 1),
('22033455', 'AY2024-2025-1stsemester', '89012', 'Brown', 'Michael', 'Student', 2),
('23044566', 'AY2024-2025-1stsemester', '90123', 'Taylor', 'Sarah', 'Student', 3),
('24055677', 'AY2024-2025-1stsemester', '12345', 'Orais', 'Harrish', 'Student', 4),
('25066788', 'AY2024-2025-1stsemester', '23456', 'Smith', 'John', 'Student', 1),
('26077899', 'AY2024-2025-1stsemester', '34567', 'Johnson', 'Emily', 'Student', 2),
('27088990', 'AY2024-2025-1stsemester', '45678', 'Brown', 'Michael', 'Student', 3),
('17088990', 'AY2024-2025-1stsemester', '34567', 'Brown', 'Michael', 'Student', 1),
('16077889', 'AY2024-2025-1stsemester', '23456', 'Johnson', 'Emily', 'Student', 4),
('15066778', 'AY2024-2025-1stsemester', '12345', 'Smith', 'John', 'Student', 3),
('14055667', 'AY2024-2025-1stsemester', '90123', 'Orais', 'Harrish', 'Student', 2),
('13044556', 'AY2024-2025-1stsemester', '89012', 'Taylor', 'Sarah', 'Student', 1),
('12033445', 'AY2024-2025-1stsemester', '78901', 'Brown', 'Michael', 'Student', 4),
('11022334', 'AY2024-2025-1stsemester', '67890', 'Johnson', 'Emily', 'Student', 3),
('10011223', 'AY2024-2025-1stsemester', '56789', 'Smith', 'John', 'Student', 2),
('99001122', 'AY2024-2025-1stsemester', '45678', 'Orais', 'Harrish', 'Student', 1),
('88990011', 'AY2024-2025-1stsemester', '34567', 'Taylor', 'Sarah', 'Student', 4),
('77889900', 'AY2024-2025-1stsemester', '23456', 'Brown', 'Michael', 'Student', 3),
('66778899', 'AY2024-2025-1stsemester', '12345', 'Johnson', 'Emily', 'Student', 2),
('55667788', 'AY2024-2025-1stsemester', '90123', 'Smith', 'John', 'Student', 1),
('44556677', 'AY2024-2025-1stsemester', '89012', 'Orais', 'Harrish', 'Student', 4),
('33445566', 'AY2024-2025-1stsemester', '78901', 'Taylor', 'Sarah', 'Student', 3),
('11223344', 'AY2024-2025-1stsemester', '56789', 'Johnson', 'Emily', 'Student', 1),
('22334455', 'AY2024-2025-1stsemester', '67890', 'Brown', 'Michael', 'Student', 2);

-- --------------------------------------------------------

--
-- Table structure for table `student_attendance`
--

DROP TABLE IF EXISTS `student_attendance`;
CREATE TABLE IF NOT EXISTS `student_attendance` (
  `id_attendance` int NOT NULL,
  `id_student` int NOT NULL,
  `semester_ID` varchar(99) COLLATE utf8mb4_general_ci NOT NULL,
  `date_attendance` datetime NOT NULL,
  `status_attendance` varchar(99) COLLATE utf8mb4_general_ci NOT NULL
) ENGINE=MyISAM DEFAULT CHARSET=utf8mb4 COLLATE=utf8mb4_general_ci;

--
-- Dumping data for table `student_attendance`
--

INSERT INTO `student_attendance` (`id_attendance`, `id_student`, `semester_ID`, `date_attendance`, `status_attendance`) VALUES
(121, 13044556, 'AY2024-2025-1stsemester', '2025-01-18 19:49:01', 'Absent'),
(121, 12033445, 'AY2024-2025-1stsemester', '2025-01-18 19:49:01', 'Absent'),
(121, 11223344, 'AY2024-2025-1stsemester', '2025-01-18 19:49:01', 'Absent'),
(121, 10011223, 'AY2024-2025-1stsemester', '2025-01-18 19:49:01', 'Absent'),
(121, 11022334, 'AY2024-2025-1stsemester', '2025-01-18 19:49:01', 'Absent'),
(121, 15066778, 'AY2024-2025-1stsemester', '2025-01-18 19:49:01', 'Absent'),
(121, 14055667, 'AY2024-2025-1stsemester', '2025-01-18 19:49:01', 'Absent'),
(119, 4534533, 'AY2023-2024-2ndsemester', '2024-12-14 01:47:00', 'Absent'),
(119, 4534533, 'AY2023-2024-2ndsemester', '2024-12-14 01:47:00', 'Absent'),
(119, 224234354, 'AY2023-2024-2ndsemester', '2024-12-14 01:47:00', 'Absent'),
(119, 224234354, 'AY2023-2024-2ndsemester', '2024-12-14 01:47:00', 'Absent'),
(119, 1211434, 'AY2023-2024-2ndsemester', '2024-12-14 01:47:00', 'Absent'),
(119, 1211434, 'AY2023-2024-2ndsemester', '2024-12-14 01:47:00', 'Absent'),
(119, 121, 'AY2023-2024-2ndsemester', '2024-12-14 01:47:00', 'Absent'),
(119, 121, 'AY2023-2024-2ndsemester', '2024-12-14 01:47:00', 'Absent'),
(121, 16077889, 'AY2024-2025-1stsemester', '2025-01-18 19:49:01', 'Absent'),
(121, 17088990, 'AY2024-2025-1stsemester', '2025-01-18 19:49:01', 'Absent'),
(121, 18099001, 'AY2024-2025-1stsemester', '2025-01-18 19:49:01', 'Absent'),
(121, 19001122, 'AY2024-2025-1stsemester', '2025-01-18 19:49:01', 'Absent'),
(121, 20011233, 'AY2024-2025-1stsemester', '2025-01-18 19:49:01', 'Absent'),
(121, 21022344, 'AY2024-2025-1stsemester', '2025-01-18 19:49:01', 'Absent'),
(121, 22033455, 'AY2024-2025-1stsemester', '2025-01-18 19:49:01', 'Absent'),
(121, 22334455, 'AY2024-2025-1stsemester', '2025-01-18 19:49:01', 'Absent'),
(121, 23044566, 'AY2024-2025-1stsemester', '2025-01-18 19:49:01', 'Absent'),
(121, 24055677, 'AY2024-2025-1stsemester', '2025-01-18 19:49:01', 'Absent'),
(121, 25066788, 'AY2024-2025-1stsemester', '2025-01-18 19:49:01', 'Absent'),
(121, 26077899, 'AY2024-2025-1stsemester', '2025-01-18 19:49:01', 'Absent'),
(121, 27088990, 'AY2024-2025-1stsemester', '2025-01-18 19:49:01', 'Absent'),
(121, 28099001, 'AY2024-2025-1stsemester', '2025-01-18 19:49:01', 'Absent'),
(121, 29001122, 'AY2024-2025-1stsemester', '2025-01-18 19:49:01', 'Absent'),
(121, 30011233, 'AY2024-2025-1stsemester', '2025-01-18 19:49:01', 'Absent'),
(121, 31022344, 'AY2024-2025-1stsemester', '2025-01-18 19:49:01', 'Absent'),
(121, 32033455, 'AY2024-2025-1stsemester', '2025-01-18 19:49:01', 'Absent'),
(121, 33044566, 'AY2024-2025-1stsemester', '2025-01-18 19:49:01', 'Absent'),
(121, 33445566, 'AY2024-2025-1stsemester', '2025-01-18 19:49:01', 'Absent'),
(121, 34055677, 'AY2024-2025-1stsemester', '2025-01-18 19:49:01', 'Absent'),
(121, 35066788, 'AY2024-2025-1stsemester', '2025-01-18 19:49:01', 'Absent'),
(121, 36077899, 'AY2024-2025-1stsemester', '2025-01-18 19:49:01', 'Absent'),
(121, 37088990, 'AY2024-2025-1stsemester', '2025-01-18 19:49:01', 'Absent'),
(121, 38099001, 'AY2024-2025-1stsemester', '2025-01-18 19:49:01', 'Absent'),
(121, 39001122, 'AY2024-2025-1stsemester', '2025-01-18 19:49:01', 'Absent'),
(121, 40011233, 'AY2024-2025-1stsemester', '2025-01-18 19:49:01', 'Absent'),
(121, 41022344, 'AY2024-2025-1stsemester', '2025-01-18 19:49:01', 'Absent'),
(121, 42033455, 'AY2024-2025-1stsemester', '2025-01-18 19:49:01', 'Absent'),
(121, 43044566, 'AY2024-2025-1stsemester', '2025-01-18 19:49:01', 'Absent'),
(121, 44055677, 'AY2024-2025-1stsemester', '2025-01-18 19:49:01', 'Absent'),
(121, 44556677, 'AY2024-2025-1stsemester', '2025-01-18 19:49:01', 'Absent'),
(121, 45066788, 'AY2024-2025-1stsemester', '2025-01-18 19:49:01', 'Absent'),
(121, 46077899, 'AY2024-2025-1stsemester', '2025-01-18 19:49:01', 'Absent'),
(121, 47088990, 'AY2024-2025-1stsemester', '2025-01-18 19:49:01', 'Absent'),
(121, 48099001, 'AY2024-2025-1stsemester', '2025-01-18 19:49:01', 'Absent'),
(121, 55667788, 'AY2024-2025-1stsemester', '2025-01-18 19:49:01', 'Absent'),
(121, 66778899, 'AY2024-2025-1stsemester', '2025-01-18 19:49:01', 'Absent'),
(121, 77889900, 'AY2024-2025-1stsemester', '2025-01-18 19:49:01', 'Absent'),
(121, 88990011, 'AY2024-2025-1stsemester', '2025-01-18 19:49:01', 'Absent'),
(121, 99001122, 'AY2024-2025-1stsemester', '2025-01-18 19:49:01', 'Absent'),
(122, 10011223, 'AY2024-2025-1stsemester', '2025-01-18 20:45:41', 'Absent'),
(122, 11022334, 'AY2024-2025-1stsemester', '2025-01-18 20:45:41', 'Absent'),
(122, 11223344, 'AY2024-2025-1stsemester', '2025-01-18 20:45:41', 'Absent'),
(122, 12033445, 'AY2024-2025-1stsemester', '2025-01-18 20:45:41', 'Absent'),
(122, 13044556, 'AY2024-2025-1stsemester', '2025-01-18 20:45:41', 'Absent'),
(122, 14055667, 'AY2024-2025-1stsemester', '2025-01-18 20:45:41', 'Absent'),
(122, 15066778, 'AY2024-2025-1stsemester', '2025-01-18 20:45:41', 'Absent'),
(122, 16077889, 'AY2024-2025-1stsemester', '2025-01-18 20:45:41', 'Absent'),
(122, 17088990, 'AY2024-2025-1stsemester', '2025-01-18 20:45:41', 'Absent'),
(122, 18099001, 'AY2024-2025-1stsemester', '2025-01-18 20:45:41', 'Absent'),
(122, 19001122, 'AY2024-2025-1stsemester', '2025-01-18 20:45:41', 'Absent'),
(122, 20011233, 'AY2024-2025-1stsemester', '2025-01-18 20:45:41', 'Absent'),
(122, 21022344, 'AY2024-2025-1stsemester', '2025-01-18 20:45:41', 'Absent'),
(122, 22033455, 'AY2024-2025-1stsemester', '2025-01-18 20:45:41', 'Absent'),
(122, 22334455, 'AY2024-2025-1stsemester', '2025-01-18 20:45:41', 'Absent'),
(122, 23044566, 'AY2024-2025-1stsemester', '2025-01-18 20:45:41', 'Absent'),
(122, 24055677, 'AY2024-2025-1stsemester', '2025-01-18 20:45:41', 'Absent'),
(122, 25066788, 'AY2024-2025-1stsemester', '2025-01-18 20:45:41', 'Absent'),
(122, 26077899, 'AY2024-2025-1stsemester', '2025-01-18 20:45:41', 'Absent'),
(122, 27088990, 'AY2024-2025-1stsemester', '2025-01-18 20:45:41', 'Absent'),
(122, 28099001, 'AY2024-2025-1stsemester', '2025-01-18 20:45:41', 'Absent'),
(122, 29001122, 'AY2024-2025-1stsemester', '2025-01-18 20:45:41', 'Absent'),
(122, 30011233, 'AY2024-2025-1stsemester', '2025-01-18 20:45:41', 'Absent'),
(122, 31022344, 'AY2024-2025-1stsemester', '2025-01-18 20:45:41', 'Absent'),
(122, 32033455, 'AY2024-2025-1stsemester', '2025-01-18 20:45:41', 'Absent'),
(122, 33044566, 'AY2024-2025-1stsemester', '2025-01-18 20:45:41', 'Absent'),
(122, 33445566, 'AY2024-2025-1stsemester', '2025-01-18 20:45:41', 'Absent'),
(122, 34055677, 'AY2024-2025-1stsemester', '2025-01-18 20:45:41', 'Absent'),
(122, 35066788, 'AY2024-2025-1stsemester', '2025-01-18 20:45:41', 'Absent'),
(122, 36077899, 'AY2024-2025-1stsemester', '2025-01-18 20:45:41', 'Absent'),
(122, 37088990, 'AY2024-2025-1stsemester', '2025-01-18 20:45:41', 'Absent'),
(122, 38099001, 'AY2024-2025-1stsemester', '2025-01-18 20:45:41', 'Absent'),
(122, 39001122, 'AY2024-2025-1stsemester', '2025-01-18 20:45:41', 'Absent'),
(122, 40011233, 'AY2024-2025-1stsemester', '2025-01-18 20:45:41', 'Absent'),
(122, 41022344, 'AY2024-2025-1stsemester', '2025-01-18 20:45:41', 'Absent'),
(122, 42033455, 'AY2024-2025-1stsemester', '2025-01-18 20:45:41', 'Absent'),
(122, 43044566, 'AY2024-2025-1stsemester', '2025-01-18 20:45:41', 'Absent'),
(122, 44055677, 'AY2024-2025-1stsemester', '2025-01-18 20:45:41', 'Absent'),
(122, 44556677, 'AY2024-2025-1stsemester', '2025-01-18 20:45:41', 'Absent'),
(122, 45066788, 'AY2024-2025-1stsemester', '2025-01-18 20:45:41', 'Absent'),
(122, 46077899, 'AY2024-2025-1stsemester', '2025-01-18 20:45:41', 'Absent'),
(122, 47088990, 'AY2024-2025-1stsemester', '2025-01-18 20:45:41', 'Absent'),
(122, 48099001, 'AY2024-2025-1stsemester', '2025-01-18 20:45:41', 'Absent'),
(122, 55667788, 'AY2024-2025-1stsemester', '2025-01-18 20:45:41', 'Absent'),
(122, 66778899, 'AY2024-2025-1stsemester', '2025-01-18 20:45:41', 'Absent'),
(122, 77889900, 'AY2024-2025-1stsemester', '2025-01-18 20:45:41', 'Absent'),
(122, 88990011, 'AY2024-2025-1stsemester', '2025-01-18 20:45:41', 'Absent'),
(122, 99001122, 'AY2024-2025-1stsemester', '2025-01-18 20:45:41', 'Absent'),
(123, 10011223, 'AY2024-2025-1stsemester', '2025-01-18 20:45:41', 'Absent'),
(123, 11022334, 'AY2024-2025-1stsemester', '2025-01-18 20:45:41', 'Absent'),
(123, 11223344, 'AY2024-2025-1stsemester', '2025-01-18 20:45:41', 'Absent'),
(123, 12033445, 'AY2024-2025-1stsemester', '2025-01-18 20:45:41', 'Absent'),
(123, 13044556, 'AY2024-2025-1stsemester', '2025-01-18 20:45:41', 'Absent'),
(123, 14055667, 'AY2024-2025-1stsemester', '2025-01-18 20:45:41', 'Absent'),
(123, 15066778, 'AY2024-2025-1stsemester', '2025-01-18 20:45:41', 'Absent'),
(123, 16077889, 'AY2024-2025-1stsemester', '2025-01-18 20:45:41', 'Absent'),
(123, 17088990, 'AY2024-2025-1stsemester', '2025-01-18 20:45:41', 'Absent'),
(123, 18099001, 'AY2024-2025-1stsemester', '2025-01-18 20:45:41', 'Absent'),
(123, 19001122, 'AY2024-2025-1stsemester', '2025-01-18 20:45:41', 'Absent'),
(123, 20011233, 'AY2024-2025-1stsemester', '2025-01-18 20:45:41', 'Absent'),
(123, 21022344, 'AY2024-2025-1stsemester', '2025-01-18 20:45:41', 'Absent'),
(123, 22033455, 'AY2024-2025-1stsemester', '2025-01-18 20:45:41', 'Absent'),
(123, 22334455, 'AY2024-2025-1stsemester', '2025-01-18 20:45:41', 'Absent'),
(123, 23044566, 'AY2024-2025-1stsemester', '2025-01-18 20:45:41', 'Absent'),
(123, 24055677, 'AY2024-2025-1stsemester', '2025-01-18 20:45:41', 'Absent'),
(123, 25066788, 'AY2024-2025-1stsemester', '2025-01-18 20:45:41', 'Absent'),
(123, 26077899, 'AY2024-2025-1stsemester', '2025-01-18 20:45:41', 'Absent'),
(123, 27088990, 'AY2024-2025-1stsemester', '2025-01-18 20:45:41', 'Absent'),
(123, 28099001, 'AY2024-2025-1stsemester', '2025-01-18 20:45:41', 'Absent'),
(123, 29001122, 'AY2024-2025-1stsemester', '2025-01-18 20:45:41', 'Absent'),
(123, 30011233, 'AY2024-2025-1stsemester', '2025-01-18 20:45:41', 'Absent'),
(123, 31022344, 'AY2024-2025-1stsemester', '2025-01-18 20:45:41', 'Absent'),
(123, 32033455, 'AY2024-2025-1stsemester', '2025-01-18 20:45:41', 'Absent'),
(123, 33044566, 'AY2024-2025-1stsemester', '2025-01-18 20:45:41', 'Absent'),
(123, 33445566, 'AY2024-2025-1stsemester', '2025-01-18 20:45:41', 'Absent'),
(123, 34055677, 'AY2024-2025-1stsemester', '2025-01-18 20:45:41', 'Absent'),
(123, 35066788, 'AY2024-2025-1stsemester', '2025-01-18 20:45:41', 'Absent'),
(123, 36077899, 'AY2024-2025-1stsemester', '2025-01-18 20:45:41', 'Absent'),
(123, 37088990, 'AY2024-2025-1stsemester', '2025-01-18 20:45:41', 'Absent'),
(123, 38099001, 'AY2024-2025-1stsemester', '2025-01-18 20:45:41', 'Absent'),
(123, 39001122, 'AY2024-2025-1stsemester', '2025-01-18 20:45:41', 'Absent'),
(123, 40011233, 'AY2024-2025-1stsemester', '2025-01-18 20:45:41', 'Absent'),
(123, 41022344, 'AY2024-2025-1stsemester', '2025-01-18 20:45:41', 'Absent'),
(123, 42033455, 'AY2024-2025-1stsemester', '2025-01-18 20:45:41', 'Absent'),
(123, 43044566, 'AY2024-2025-1stsemester', '2025-01-18 20:45:41', 'Absent'),
(123, 44055677, 'AY2024-2025-1stsemester', '2025-01-18 20:45:41', 'Absent'),
(123, 44556677, 'AY2024-2025-1stsemester', '2025-01-18 20:45:41', 'Absent'),
(123, 45066788, 'AY2024-2025-1stsemester', '2025-01-18 20:45:41', 'Absent'),
(123, 46077899, 'AY2024-2025-1stsemester', '2025-01-18 20:45:41', 'Absent'),
(123, 47088990, 'AY2024-2025-1stsemester', '2025-01-18 20:45:41', 'Absent'),
(123, 48099001, 'AY2024-2025-1stsemester', '2025-01-18 20:45:41', 'Absent'),
(123, 55667788, 'AY2024-2025-1stsemester', '2025-01-18 20:45:41', 'Absent'),
(123, 66778899, 'AY2024-2025-1stsemester', '2025-01-18 20:45:41', 'Absent'),
(123, 77889900, 'AY2024-2025-1stsemester', '2025-01-18 20:45:41', 'Absent'),
(123, 88990011, 'AY2024-2025-1stsemester', '2025-01-18 20:45:41', 'Absent'),
(123, 99001122, 'AY2024-2025-1stsemester', '2025-01-18 20:45:41', 'Absent');

-- --------------------------------------------------------

--
-- Table structure for table `student_fees_record`
--

DROP TABLE IF EXISTS `student_fees_record`;
CREATE TABLE IF NOT EXISTS `student_fees_record` (
  `id_payment` int NOT NULL,
  `id_student` int NOT NULL,
  `semester_ID` varchar(99) COLLATE utf8mb4_general_ci NOT NULL,
  `status_payment` int NOT NULL,
  `date_payment` date NOT NULL,
  `payment_amount` int NOT NULL,
  UNIQUE KEY `id_payment` (`id_payment`,`id_student`)
) ENGINE=MyISAM DEFAULT CHARSET=utf8mb4 COLLATE=utf8mb4_general_ci;

--
-- Dumping data for table `student_fees_record`
--

INSERT INTO `student_fees_record` (`id_payment`, `id_student`, `semester_ID`, `status_payment`, `date_payment`, `payment_amount`) VALUES
(115, 1211434, 'AY2023-2024-2ndsemester', 0, '2024-12-14', 450),
(115, 121, 'AY2023-2024-2ndsemester', 0, '2024-12-14', 450),
(115, 224234354, 'AY2023-2024-2ndsemester', 0, '2024-12-14', 450),
(115, 4534533, 'AY2023-2024-2ndsemester', 0, '2024-12-14', 450),
(116, 121, 'AY2023-2024-1stsemester', 0, '2024-12-14', 20),
(116, 1211434, 'AY2023-2024-1stsemester', 0, '2024-12-14', 20),
(116, 224234354, 'AY2023-2024-1stsemester', 0, '2024-12-14', 20),
(116, 4534533, 'AY2023-2024-1stsemester', 0, '2024-12-14', 20),
(117, 10011223, 'AY2023-2024-1stsemester', 0, '2024-12-15', 450),
(117, 11022334, 'AY2023-2024-1stsemester', 0, '2024-12-15', 450),
(117, 11223344, 'AY2023-2024-1stsemester', 0, '2024-12-15', 450),
(117, 12033445, 'AY2023-2024-1stsemester', 0, '2024-12-15', 450),
(117, 13044556, 'AY2023-2024-1stsemester', 0, '2024-12-15', 450),
(117, 14055667, 'AY2023-2024-1stsemester', 0, '2024-12-15', 450),
(117, 15066778, 'AY2023-2024-1stsemester', 0, '2024-12-15', 450),
(117, 16077889, 'AY2023-2024-1stsemester', 0, '2024-12-15', 450),
(117, 17088990, 'AY2023-2024-1stsemester', 0, '2024-12-15', 450),
(117, 18099001, 'AY2023-2024-1stsemester', 0, '2024-12-15', 450),
(117, 19001122, 'AY2023-2024-1stsemester', 0, '2024-12-15', 450),
(117, 20011233, 'AY2023-2024-1stsemester', 0, '2024-12-15', 450),
(117, 21022344, 'AY2023-2024-1stsemester', 0, '2024-12-15', 450),
(117, 22033455, 'AY2023-2024-1stsemester', 0, '2024-12-15', 450),
(117, 22334455, 'AY2023-2024-1stsemester', 0, '2024-12-15', 450),
(117, 23044566, 'AY2023-2024-1stsemester', 0, '2024-12-15', 450),
(117, 24055677, 'AY2023-2024-1stsemester', 0, '2024-12-15', 450),
(117, 25066788, 'AY2023-2024-1stsemester', 0, '2024-12-15', 450),
(117, 26077899, 'AY2023-2024-1stsemester', 0, '2024-12-15', 450),
(117, 27088990, 'AY2023-2024-1stsemester', 0, '2024-12-15', 450),
(117, 28099001, 'AY2023-2024-1stsemester', 0, '2024-12-15', 450),
(117, 29001122, 'AY2023-2024-1stsemester', 0, '2024-12-15', 450),
(117, 30011233, 'AY2023-2024-1stsemester', 0, '2024-12-15', 450),
(117, 31022344, 'AY2023-2024-1stsemester', 0, '2024-12-15', 450),
(117, 32033455, 'AY2023-2024-1stsemester', 0, '2024-12-15', 450),
(117, 33044566, 'AY2023-2024-1stsemester', 0, '2024-12-15', 450),
(117, 33445566, 'AY2023-2024-1stsemester', 0, '2024-12-15', 450),
(117, 34055677, 'AY2023-2024-1stsemester', 0, '2024-12-15', 450),
(117, 35066788, 'AY2023-2024-1stsemester', 0, '2024-12-15', 450),
(117, 36077899, 'AY2023-2024-1stsemester', 0, '2024-12-15', 450),
(117, 37088990, 'AY2023-2024-1stsemester', 0, '2024-12-15', 450),
(117, 38099001, 'AY2023-2024-1stsemester', 0, '2024-12-15', 450),
(117, 39001122, 'AY2023-2024-1stsemester', 0, '2024-12-15', 450),
(117, 40011233, 'AY2023-2024-1stsemester', 0, '2024-12-15', 450),
(117, 41022344, 'AY2023-2024-1stsemester', 0, '2024-12-15', 450),
(117, 42033455, 'AY2023-2024-1stsemester', 0, '2024-12-15', 450),
(117, 43044566, 'AY2023-2024-1stsemester', 0, '2024-12-15', 450),
(117, 44055677, 'AY2023-2024-1stsemester', 0, '2024-12-15', 450),
(117, 44556677, 'AY2023-2024-1stsemester', 0, '2024-12-15', 450),
(117, 45066788, 'AY2023-2024-1stsemester', 0, '2024-12-15', 450),
(117, 46077899, 'AY2023-2024-1stsemester', 0, '2024-12-15', 450),
(117, 47088990, 'AY2023-2024-1stsemester', 0, '2024-12-15', 450),
(117, 48099001, 'AY2023-2024-1stsemester', 0, '2024-12-15', 450),
(117, 55667788, 'AY2023-2024-1stsemester', 0, '2024-12-15', 450),
(117, 66778899, 'AY2023-2024-1stsemester', 0, '2024-12-15', 450),
(117, 77889900, 'AY2023-2024-1stsemester', 0, '2024-12-15', 450),
(117, 88990011, 'AY2023-2024-1stsemester', 0, '2024-12-15', 450),
(117, 99001122, 'AY2023-2024-1stsemester', 0, '2024-12-15', 450),
(120, 10011223, 'AY2024-2025-1stsemester', 0, '2025-01-18', 1234),
(120, 11022334, 'AY2024-2025-1stsemester', 0, '2025-01-18', 1234),
(120, 11223344, 'AY2024-2025-1stsemester', 0, '2025-01-18', 1234),
(120, 12033445, 'AY2024-2025-1stsemester', 0, '2025-01-18', 1234),
(120, 13044556, 'AY2024-2025-1stsemester', 0, '2025-01-18', 1234),
(120, 14055667, 'AY2024-2025-1stsemester', 0, '2025-01-18', 1234),
(120, 15066778, 'AY2024-2025-1stsemester', 0, '2025-01-18', 1234),
(120, 16077889, 'AY2024-2025-1stsemester', 0, '2025-01-18', 1234),
(120, 17088990, 'AY2024-2025-1stsemester', 0, '2025-01-18', 1234),
(120, 18099001, 'AY2024-2025-1stsemester', 0, '2025-01-18', 1234),
(120, 19001122, 'AY2024-2025-1stsemester', 0, '2025-01-18', 1234),
(120, 20011233, 'AY2024-2025-1stsemester', 0, '2025-01-18', 1234),
(120, 21022344, 'AY2024-2025-1stsemester', 0, '2025-01-18', 1234),
(120, 22033455, 'AY2024-2025-1stsemester', 0, '2025-01-18', 1234),
(120, 22334455, 'AY2024-2025-1stsemester', 0, '2025-01-18', 1234),
(120, 23044566, 'AY2024-2025-1stsemester', 0, '2025-01-18', 1234),
(120, 24055677, 'AY2024-2025-1stsemester', 0, '2025-01-18', 1234),
(120, 25066788, 'AY2024-2025-1stsemester', 0, '2025-01-18', 1234),
(120, 26077899, 'AY2024-2025-1stsemester', 0, '2025-01-18', 1234),
(120, 27088990, 'AY2024-2025-1stsemester', 0, '2025-01-18', 1234),
(120, 28099001, 'AY2024-2025-1stsemester', 0, '2025-01-18', 1234),
(120, 29001122, 'AY2024-2025-1stsemester', 0, '2025-01-18', 1234),
(120, 30011233, 'AY2024-2025-1stsemester', 0, '2025-01-18', 1234),
(120, 31022344, 'AY2024-2025-1stsemester', 0, '2025-01-18', 1234),
(120, 32033455, 'AY2024-2025-1stsemester', 0, '2025-01-18', 1234),
(120, 33044566, 'AY2024-2025-1stsemester', 0, '2025-01-18', 1234),
(120, 33445566, 'AY2024-2025-1stsemester', 0, '2025-01-18', 1234),
(120, 34055677, 'AY2024-2025-1stsemester', 0, '2025-01-18', 1234),
(120, 35066788, 'AY2024-2025-1stsemester', 0, '2025-01-18', 1234),
(120, 36077899, 'AY2024-2025-1stsemester', 0, '2025-01-18', 1234),
(120, 37088990, 'AY2024-2025-1stsemester', 0, '2025-01-18', 1234),
(120, 38099001, 'AY2024-2025-1stsemester', 0, '2025-01-18', 1234),
(120, 39001122, 'AY2024-2025-1stsemester', 0, '2025-01-18', 1234),
(120, 40011233, 'AY2024-2025-1stsemester', 0, '2025-01-18', 1234),
(120, 41022344, 'AY2024-2025-1stsemester', 0, '2025-01-18', 1234),
(120, 42033455, 'AY2024-2025-1stsemester', 0, '2025-01-18', 1234),
(120, 43044566, 'AY2024-2025-1stsemester', 0, '2025-01-18', 1234),
(120, 44055677, 'AY2024-2025-1stsemester', 0, '2025-01-18', 1234),
(120, 44556677, 'AY2024-2025-1stsemester', 0, '2025-01-18', 1234),
(120, 45066788, 'AY2024-2025-1stsemester', 0, '2025-01-18', 1234),
(120, 46077899, 'AY2024-2025-1stsemester', 0, '2025-01-18', 1234),
(120, 47088990, 'AY2024-2025-1stsemester', 0, '2025-01-18', 1234),
(120, 48099001, 'AY2024-2025-1stsemester', 0, '2025-01-18', 1234),
(120, 55667788, 'AY2024-2025-1stsemester', 0, '2025-01-18', 1234),
(120, 66778899, 'AY2024-2025-1stsemester', 0, '2025-01-18', 1234),
(120, 77889900, 'AY2024-2025-1stsemester', 0, '2025-01-18', 1234),
(120, 88990011, 'AY2024-2025-1stsemester', 0, '2025-01-18', 1234),
(120, 99001122, 'AY2024-2025-1stsemester', 0, '2025-01-18', 1234);
COMMIT;

/*!40101 SET CHARACTER_SET_CLIENT=@OLD_CHARACTER_SET_CLIENT */;
/*!40101 SET CHARACTER_SET_RESULTS=@OLD_CHARACTER_SET_RESULTS */;
/*!40101 SET COLLATION_CONNECTION=@OLD_COLLATION_CONNECTION */;
